Names,Gender
ابانوب,M
حمدي,M
عبدالناصر,M
الباب,M
عبدالعاطي,M
يوسف,M
عواجه,M
القسام,M
حماده,M
جوني,M
اميل,M
حنا,M
روفائيل,M
ابوغنيمه,M
طوسن,M
الجمال,M
عبدالنعيم,M
قوشي,M
عبدمريم,M
ابسخرون,M
مينا,M
شحاته,M
الدين,M
حبشي,M
صموئيل,M
عازر,M
موافي,M
زكي,M
كيلاني,M
عبدالمعبود,M
سيوفي,M
الجبالي,M
خيري,M
القوصي,M
الجمام,M
شلقامي,M
الحسيني,M
الجارحي,M
مهني,M
الدكروري,M
عبدالنبي,M
فايز,M
المصطفي,M
السيد,M
يسين,M
زهني,M
وجيه,M
عفيفي,M
نزلاوي,M
طه,M
عاشور,M
سليمان,M
عبدالحافظ,M
علام,M
قرني,M
شقراني,M
عب,M
الجواد,M
نورالدين,M
عبدالدايم,M
ايريني,F
جرجس,M
شريف,M
بسمله,F
جيسيكا,F
جوزيف,M
ساندي,F
برسوم,M
عبدالملاك,M
حبيب,M
ناردين,F
هايدي,F
اثناسيوس,M
خفاجي,M
يوستينا,F
ذكي,M
موريس,M
ايليا,M
مرجان,M
محروس,M
صالح,M
ميخائيل,M
كيرلس,M
استر,F
موسي,M
عبدالمحسن,M
الشيماء,F
مرعي,M
انجي,F
جيد,M
الله,M
فانوس,M
دياب,M
صبري,M
حسانين,M
يس,M
صادق,M
تبارك,F
عبدالجواد,M
مخلوف,M
دعاء,F
حجازي,M
مليجي,M
دميانا,F
ابوكلام,M
دميانه,F
سام,M
طلعت,M
عبدالصبور,M
هني,M
جارحي,M
رشيده,F
قوشني,M
عبدالمقصود,M
يونس,M
ياسين,M
راوي,M
سعداوي,M
عزات,M
رشدي,M
اسكندر,M
سما,F
ضاحي,M
ابو,M
غنيمه,M
سويده,F
عبدالصالحين,M
حداد,M
شرين,F
ملاك,M
بباوي,M
توما,M
مسعد,M
ابوالنور,M
شيري,F
فام,M
يونان,M
شيرين,F
عبدالرسول,M
ابوالصفا,M
فرحه,F
فيرونيا,F
فيرينا,F
غبريال,M
كارن,F
كارول,F
نادي,M
تادرس,M
كلودي,F
اقلاديوس,M
مارينا,F
شهات,M
ولسن,M
ماهي,F
مرمر,F
عطيه,M
مرنا,F
برنابا,M
عبدالشهيد,M
عايد,M
القس,M
عبدالمتجل,M
قيصر,M
المرغني,M
نابولي,M
اسحق,M
محب,M
مكرم,M
ويصا,M
ناير,M
الحسن,M
عبدالحسيب,M
منه,F
مهرائيل,F
ميرنا,F
صالحين,M
نانسي,F
بولس,M
محروص,M
نيفين,F
جورجي,M
هانم,F
ابوالليل,M
المرزوقي,M
حنفي,M
ممتاز,M
دكروري,M
رباب,F
ابوالفتوح,M
روفيده,F
ابوزيد,M
ضحي,F
صاوي,M
مرفت,F
علم,M
بسيوني,M
نسمه,F
نسيبه,F
البدري,M
فرغلي,M
عاطي,M
الطيب,M
طلب,M
جويد,M
عبدالحكم,M
صرماني,M
ابوالقاسم,M
دردير,M
قنديل,M
مؤمن,M
الامين,M
عبدالعال,M
يحي,M
قناوي,M
ابرهيم,M
حلمي,M
عبدالمالك,M
ظريف,M
شعراوي,M
باسليوس,M
حشمت,M
مارتينا,F
دميان,M
بخيت,M
فولي,M
زينهم,M
الراعي,M
ابرام,M
مشير,M
عبدالمغني,M
عبدالستار,M
فرجاني,M
ابوعمره,M
الامير,M
الحسين,M
مليكه,M
جورج,M
صبحي,M
الدسوقي,M
مرقص,M
مايكل,M
اسكاروس,M
الخطيب,M
بيومي,M
ذكرالله,M
معتز,M
مكسيموس,M
عياد,M
غيضان,M
شاذلي,M
عبدالوارث,M
امبارك,M
عبدالجابر,M
اوليفيا,F
ايلاريا,F
صليب,M
سلفانا,F
عبد,M
سيلفيا,F
فيبي,F
لورا,F
غطاس,M
ليديا,F
مادونا,F
تيموثاوس,M
تاوضروس,M
عبدالمسيح,M
رومان,M
البرتو,M
فليكس,M
انطونيوس,M
جريس,M
لندس,M
بافلي,M
انسطاسي,M
بولا,M
حربي,M
بيشوي,M
وصفي,M
حرز,M
بيمن,M
توماس,M
ناروز,M
يسي,M
وليم,M
وليم,M
بنيامين,M
الهم,M
مارتن,M
منسي,M
يوساب,M
صدقي,M
انيس,M
اندرو,M
قاعود,M
مصري,M
سادين,F
ابوسمره,M
الكريم,M
ررافت,M
هيا,F
عابدين,M
معيقل,M
المعتصم,M
بالله,M
عبداللاه,M
صميده,M
عبدالقوي,M
ابوالعلا,M
عبدالجيد,M
عياط,M
مخيمر,M
عبدالسميع,M
منازع,M
جما,M
ل,M
حسب,M
حبيبه,F
جداوي,M
الخشت,M
بدري,M
عزالدين,M
رندا,F
عبدالرازق,M
شهيناز,F
عبدالر,M
حيم,M
ناجح,M
عبدالشافي,M
عرابي,M
غدير,F
عشماوي,M
فداء,F
لوسي,F
وهيب,M
بشوي,M
قليني,M
تهامي,M
عبدالعدل,M
مهجه,F
نجوي,F
نرمين,F
ابوسريع,M
سريع,M
هويدا,F
ابوالحسن,M
اليزل,M
اسلمان,M
ابوجبل,M
عويطي,M
عبدالمعز,M
سطوحي,M
معمداني,M
سند,M
ديفد,M
عبدالسيد,M
صيام,M
برعي,M
عبدالبديع,M
شوربجي,M
برديس,M
معوض,M
عبود,M
مكادي,M
جاد,M
جادالحق,M
عبدالوكيل,M
تنسيم,F
محفوظ,M
رفقه,F
مهاد,M
وهيدي,M
سعودي,M
العلا,M
متولي,M
ماجده,F
مارجريت,F
مارلين,F
مارين,F
مرزق,M
انطوني,M
سوريال,M
مختار,M
سنوسي,M
مريس,M
النصر,M
الوليد,M
عطوه,M
رنيا,F
شمردن,M
رويده,F
شاهنده,F
داخلي,M
زبد,M
ضي,F
عبدالكافي,M
عمادالدين,M
البدوي,M
محجوب,M
محمدعيد,M
مندراوي,M
رغده,F
روحيه,F
عبدالطيف,M
سوزان,F
عليه,F
مدين,M
الهدي,M
جادالكريم,M
الرفاعي,M
شافعي,M
حردان,M
عميره,M
دمرداشي,M
عقيله,M
تغريد,F
جيهاد,F
مندر,M
سالمه,F
وحيد,M
فايزه,F
روماني,M
فنجري,M
ابوطالب,M
جاك,M
عاصم,M
جاهين,M
مفدي,M
منزر,M
هنري,M
مقار,M
استير,F
لويز,M
طلبه,M
بكير,M
بشندي,M
رفله,M
ايلاريه,F
باخوم,M
جوليا,F
دوس,M
رضوا,F
ميخائل,M
شاديه,F
شريهان,F
كامليا,F
ماريان,F
محبه,F
حليم,M
حنضل,M
متي,M
يسن,M
يؤنه,F
ناثان,M
خزام,M
صموائيل,M
اندراوس,M
سيدهم,M
ماركو,M
امساعيل,M
مشيل,M
هدرا,M
تحيه,F
ابوالنجا,M
ابوالمجد,M
حسبن,M
النجا,M
ابراهبم,M
شندي,M
معتمد,M
دسوقي,M
سهير,F
محمدالفولي,M
درويش,M
هريدي,M
عبدالغفار,M
غاليه,F
سرحان,M
منيسي,M
مصلوح,M
توتي,M
عجمي,M
نعيمه,F
الخشن,M
وئام,F
محسب,M
محمدابراهيم,M
صبره,M
داكر,M
فواد,M
روحيم,M
محمدالسعودي,M
محمدالسنوسي,M
عاي,M
محمدمحمد,M
الحاج,M
شتيوي,M
طسن,M
السعودي,M
توني,M
محمدابو,M
عيطه,M
طربف,M
محمدعلي,M
الشيخ,M
بدوي,M
ام,F
محمدالسيد,M
شلفامي,M
جنه,F
عجيب,M
ناريمان,F
شكرالله,M
نخله,M
محمدابوزيد,M
الحمزه,M
الفاروق,M
لملوم,M
ابوهشيمه,M
محمدصالح,M
تلاوي,M
محمدالامين,M
محمدعبدالمقصود,M
خضراوي,M
الادهم,M
طنطاوي,M
اناسيمون,F
اوستينا,F
ارمانيوس,M
بسنت,F
عملاك,M
تريزه,F
دولت,F
ابوالفتح,M
جادالله,M
رتيبه,F
نبهان,M
المهدي,M
سهي,F
سوسن,F
سوسنا,F
شاهيناز,F
حسيت,M
مقروش,M
كاترينا,F
شحات,M
كارولين,F
مروزق,M
كاريمان,F
كرستينا,F
كيرمينا,F
ديب,M
مادلين,F
مارينه,F
حنس,M
مرشي,M
شاوير,M
نفين,F
عيسوي,M
محمدين,M
قايد,M
اساف,M
افرايم,M
السعدني,M
ايلي,M
باهي,M
بيتر,M
طوبيا,M
سقر,M
عفت,M
ربيعي,M
فيلبس,M
ابن,M
بقطر,M
هيمن,M
رجائي,M
عبدالمعطي,M
الداخلي,M
فيراس,M
عناني,M
فيليب,M
ماريو,M
مشاضي,M
الصغير,M
مكاريوس,M
عبدالمؤمن,M
نجيد,M
سباعي,M
العزم,M
جاكلين,F
لطف,M
العربي,M
القاسم,M
يني,M
ميرفت,F
فرنسيس,M
بسخرون,M
لويس,M
امبابي,M
ابوهاشم,M
متياس,M
فايق,M
جون,M
رحيم,M
ريمون,M
منجي,M
عبرنا,M
حيني,M
امرو,M
قرياقص,M
محمدان,M
مندي,M
شاروبيم,M
نايل,M
عبدجرجس,M
كتشنر,M
تادضروس,M
عبدالباري,M
خاطر,M
رتاج,F
سمره,M
منشاوي,M
عبدالموجود,M
عبدالشفوق,M
جبريل,M
قياتي,M
يسراء,F
ترياق,M
جمام,M
عبدالامام,M
المستجاب,M
محمدصفوت,M
اشرقت,F
اشرقت,F
اصاله,F
خيرالله,M
ثامار,F
شرقاوي,M
تاضروس,M
ديانا,F
فلبس,M
روزان,F
رويدا,F
ريمونده,F
جندي,M
دانيال,M
بانوب,M
سماء,F
سييد,M
محي,M
عوداني,M
دكروي,M
فرغل,M
شهدي,M
فبرونيا,F
كرستين,F
واصف,M
كرمل,F
كرمينا,F
شخلول,M
نبويه,F
احمدبك,M
نيرمين,F
قادربوه,M
مللكه,M
هي,F
الحيني,M
جوهر,M
تمساح,M
الجيلاني,M
ونيس,M
عبدبولس,M
جوارجيوس,M
ناعوم,M
عتريس,M
اطناسيوس,M
العرب,M
الرب,M
ساويرس,M
يوانس,M
عبدالرافع,M
الريدي,M
كساب,M
ذين,M
جاب,M
صبح,M
شوقت,M
بهاءالدين,M
عدليه,F
مرثا,F
نوسيبه,F
نثان,M
عصران,M
عصر,M
نظيم,M
مسالش,M
ابوصمره,M
رموندا,F
ريه,F
بركات,M
سيده,F
احمدابوالليل,M
مديحه,F
عزوز,M
شاهين,M
حكم,M
الدالي,M
عصرعباس,M
وفقي,M
شتوي,M
فلال,M
عبدالرؤف,M
عبدامام,M
عزمي,M
ناج,M
الازهري,M
عزام,M
عبدالمولي,M
قعود,M
نصحي,M
زراع,M
السبع,M
ازهري,M
حضيري,M
زيان,M
بشاي,M
علواني,M
عبدالنافع,M
هيبه,M
هارون,M
محارب,M
عبدالصادق,M
خضره,F
جايل,M
فرياله,F
عا,M
صم,M
نم,M
شهيره,F
,M
الدايم,M
انجلي,M
فيبرونيا,F
ماريز,F
لوقا,M
مرينا,F
عريان,M
منقريوس,M
رمسيس,M
رزيق,M
ذكا,M
شارويم,M
المغربي,M
ملكه,F
عشري,M
هندي,M
ثميه,F
سوسنه,F
فبروينا,F
ففيان,F
كاترين,F
القمص,M
ليزا,F
اسطفانوس,M
مارجليت,F
سري,M
مجلي,M
منرفا,F
وجدي,M
سيحه,M
جارد,M
اندريو,M
باترك,M
نقولا,M
ابراهي,M
بدار,M
مارك,M
اسرائيل,M
قزمان,M
خذاعي,M
سباق,M
اسيا,F
افت,F
مرقس,M
سلوانس,M
عبدالمهيمن,M
دكر,M
بطه,F
تسنيم,F
ثمر,F
جليله,F
حسنات,F
خيريه,F
تقاوي,M
حصب,M
عطالله,M
مغربي,M
قريا,M
قص,M
بكساوي,M
رؤيات,F
رؤيه,F
نصرالدين,M
رميحي,M
عبدمرزوق,M
زيادي,M
انصاري,M
فيولا,F
لديا,F
عطاالله,M
جالي,M
بديني,M
غليوب,M
ننه,F
نها,F
بريقع,M
هلا,F
الاذهري,M
عبدعوض,M
ابوعيشه,M
مندور,M
غنام,M
ديفيد,M
عبدالمنطلب,M
طانيوس,M
فرجالله,M
ماير,M
عرفان,M
الصاوي,M
وزير,M
عجور,M
مكاري,M
حفني,M
فناويل,M
اريني,F
ذهني,M
اقسام,F
دقش,M
ايفون,F
بدروس,M
فيفيان,F
مرزقه,F
متري,M
مريانه,F
فرن,M
كتشر,M
طلعات,M
اشعياء,M
غزالي,M
عبدالونيس,M
كدواني,M
ابوخاطر,M
قسطور,M
وانيس,M
شيتوي,M
اوميل,M
شكير,M
مفرح,M
جميانه,F
ريموندا,F
شلابي,M
البرت,M
صرافيل,M
ماهيتاب,F
مريانا,F
سوس,M
عبدشهات,M
ولاه,M
نجيه,F
نرما,F
حمادالتوني,M
يحيا,M
وراد,M
وهداني,M
امشيل,M
ابيب,M
امطولي,M
بحبح,M
دارج,M
معبدخليفه,M
نبيشي,M
ارنست,M
مرش,M
تغيان,M
فايد,M
ابوعجيله,M
لمبي,M
ميرون,M
مستجاب,M
غزال,M
كويس,M
عبداحافظ,M
حمزاوي,M
تسابيح,F
ليس,M
ثريا,F
عبداحليم,M
جاسيكا,F
قذافي,M
حلا,F
الجود,M
رئيسه,F
رانا,F
شكر,M
عبدادريس,M
الحداد,M
الياس,M
ميريت,F
قناشي,M
نجوان,F
نوران,F
لكوم,M
صاروفيم,M
وصال,F
منيس,M
ابوجلال,M
الادهس,M
ايساف,M
بيجول,M
رويس,M
قناش,M
مندوه,M
حلبي,M
شلبي,M
كيراس,M
قلاده,M
فريز,M
عبادي,M
اضواء,F
عبدالتواب,M
خلاف,M
صالحه,F
عايشه,F
مطرف,M
عبداالغني,M
خشت,M
زغبي,M
عدوي,M
حنيش,M
الساعدي,M
صافيه,F
غزاله,F
كماله,F
منتصل,M
عبدالفضيل,M
ورداني,M
سويسي,M
الجارح,M
بحر,M
مراجي,M
مهيدي,M
وديد,M
نفادي,M
وافي,M
لامي,M
قويه,M
بريك,M
واعر,M
سالمين,F
سعديه,F
مقاوي,M
ترعه,M
مرزوقه,F
سعدي,M
ابوترعه,M
ابوالسعود,M
طوير,M
عريبي,M
لافي,M
ابوهدمه,M
كحيل,M
براني,M
هدوار,M
بلاش,M
مشرقي,M
ديهوم,M
ابوناصر,M
شوال,M
ميرهان,F
عبدابراهيم,M
استافرو,M
البير,M
مايز,M
روؤف,M
تيمتاوس,M
وريد,M
معاز,M
فطيم,M
يؤنس,M
ررشدي,M
ابوالجود,M
هنيه,F
ادهس,M
مزروع,M
اروه,F
اليشع,M
رضواي,F
حميدو,M
الامام,M
محاسن,F
صغير,M
ست,F
الناس,M
جبلي,M
يامنه,F
تاوضرس,M
كارم,M
مجدلين,F
نعناعه,F
نواره,F
فزاع,M
جاسر,M
عبدرزيق,M
عوداتي,M
توحيد,M
حزين,M
عواداتي,M
عبدعمار,M
منبي,M
متموح,M
عجيله,M
مقرب,M
اعمار,M
دحدوح,M
خير,M
قاضي,M
عزايم,M
ابوالمكارم,M
ليثي,M
وفدي,M
ابوكريشه,M
ان,F
انجلينا,F
ايلين,F
توفيلس,M
ايمي,F
ايميلينا,F
برباره,F
ابواليمين,M
بهي,M
خشبه,M
محمدالعربي,M
دمرداش,M
جاسمين,F
جنات,F
طلاس,M
جوزفين,F
جونير,F
جيمي,M
جويس,F
جيسكا,F
جينا,F
عربي,M
محمدطلعت,M
جرجاوي,M
طنيوس,M
ربا,F
معبد,M
رضوانه,F
ابوالعزايم,M
ادور,M
روجينا,F
حمدو,M
الحبيبي,M
سويلم,M
زينا,F
محيي,M
شيمي,M
سلفيا,F
منتسل,M
النزهي,M
سندي,F
كميل,M
سوزي,F
سيلفانا,F
سيمونا,F
شدو,F
شذا,F
المعتزبالله,M
ابوعوف,M
ريدي,M
جبلاوي,M
السهلي,M
عنان,F
عواطف,F
فيفي,F
كارين,F
اشير,M
مؤنس,M
بسطاوروس,M
ساويريس,M
كلارا,F
عبدالميسح,M
لقاء,F
بغدادي,M
لوجي,F
ماجي,F
ميشيل,M
ماروسكا,F
كاشف,M
مايا,F
مايسه,F
زهران,M
كرلس,M
بسطورس,M
عبدالجامع,M
فيكتور,M
دلور,M
فكتور,M
مهرانيل,F
هواش,M
مهيتاب,F
ميرولا,F
ميريم,F
وهبي,M
البكساوي,M
طهير,M
نيره,F
همت,F
هيلانه,F
ارؤي,F
روعه,F
زهاء,F
حمايه,M
كارمينا,F
تريفينا,F
ارميا,M
روتاج,F
شاهي,F
الحق,M
لوسيا,F
لوكاس,M
باسخرون,M
استيفن,M
عتبه,M
انطون,M
ارسانيوس,M
استفانوس,M
طرهوني,M
فلوباتير,M
كاراس,M
غبد,M
الحكيم,M
قديس,M
هنا,F
ارساني,M
ستيفن,M
كرومر,M
حسيب,M
رسن,M
غندور,M
ابوالعيون,M
هروجي,M
كفلي,M
خفاجه,M
عرندز,M
لوجين,F
برديسي,M
سوبي,M
الشربيني,M
الخولي,M
ابوالسعد,M
عبداله,M
السوبي,M
جيلاني,M
سجيد,M
المعتز,M
يواقيم,M
العارف,M
عسقلاني,M
سدراك,M
دبركي,M
حذيفه,M
ذياد,M
خواجه,M
فليب,M
عبدكيرلس,M
كوسيجين,M
الجيد,M
برجاس,M
بدران,M
عليوه,M
حموده,M
دفتر,M
مكاوي,M
عتمان,M
الزين,M
بردهوني,M
الرحمن,M
بشريده,M
اجمد,M
سمري,M
بسطوروس,M
تاج,M
شرعي,M
برنس,M
عساف,M
ذكريا,M
وفائي,M
الشافعي,M
محمدابوالقاسم,M
اشعيا,M
حويا,M
يامن,M
البنا,M
عبدالمعم,M
بطاطا,M
عبدالمعيد,M
محمدحلمي,M
حجازيه,F
المشتاوي,M
هيكل,M
دخيل,M
نبوي,M
فضلي,M
عبدالصابر,M
السعود,M
بياوي,M
اوري,M
جحا,M
راويه,F
زهيري,M
طيبي,M
سماهر,F
عزالعرب,M
ابوالعالمين,M
هايم,M
الرشيدي,M
عبدالبر,M
النحاس,M
فتجي,M
اوليفر,M
ثري,M
مهاود,M
دوماديوس,M
قسطنجي,M
محمدالصاوي,M
شوبك,M
مفيد,M
اياتي,M
فليوباتير,M
عد,M
الموجود,M
يسخرون,M
جمل,M
ابودسوقي,M
اعطاف,F
عبدالمتجلي,M
لله,M
بدور,F
جهمي,M
يوحنا,M
سادات,M
رزقه,F
مدبولي,M
سنيه,F
حفيظ,M
باذيد,M
كريمان,F
مايفل,F
ابوسخرون,M
نادره,F
نارمين,F
الليل,M
نوسه,F
هدايه,F
يسر,M
كستر,M
المصري,M
عوده,M
ابوالفضل,M
ملازم,M
عليا,F
فداوي,M
السباعي,M
حبييه,F
سجده,F
ابوالعباس,M
نارمان,F
سخي,M
الزهري,M
نداوي,M
بوش,M
اشراق,F
معيش,M
انجل,F
استراتي,M
فايقه,F
فريال,F
كارمين,F
عبدمناع,M
كيريا,F
مرتين,F
نعماني,M
عكه,M
ادوارد,M
سويفي,M
هلبيس,F
معتذ,M
الجميل,M
القذافي,M
طالب,M
قرقور,M
عبدناشد,M
الكراني,M
مومن,M
توئه,F
قضب,M
راندا,F
الورداني,M
الكحلاوي,M
صافيناز,F
عيشه,F
مورا,F
المكارم,M
مداح,M
ابوالغيط,M
هلالي,M
حمتو,M
عطاالكريم,M
حنطور,M
الضوي,M
مخائيل,M
ابادير,M
عبدالمخلف,M
محمدسيد,M
يدري,M
ابوالدهب,M
توحيده,F
بهسناوي,M
مشيره,F
وضحه,F
ضوي,M
القرني,M
انجه,F
جوهانا,F
سعفان,M
سوما,F
شربات,F
ابوالحسين,M
روبي,M
الفي,M
عبدالراضي,M
ياره,F
اسر,M
بهنساوي,M
الغندقلي,M
محمدالصغير,M
نشئ,M
قطيعي,M
رحيل,F
دبشه,M
بحيري,M
باشا,M
طرفاوي,M
نجدي,M
هيلدا,F
سعدالدين,M
فيلوباتير,M
بهدالي,M
ليون,M
عجايبي,M
الجنيدي,M
مكي,M
بوسي,F
شنيوي,M
جانيت,F
جيلانه,F
النادي,M
فاكهه,F
مصبح,M
محمدمهني,M
يشري,M
جلبي,M
الشبكشي,M
بساده,M
صمؤئيل,M
ابسخيرون,M
قليد,M
-,M
فوز,F
بربري,M
امبن,M
ابوالعيد,M
سبد,M
سلبم,M
فلمون,M
نبيش,M
ابوسته,M
بدرالدين,M
جنينه,F
ذهب,F
رانده,F
عباسيه,F
نجاتي,M
المولي,M
نانا,F
الجرودي,M
الحمد,M
ميهوب,M
سوسي,M
معبدمحمد,M
مجيدي,M
انجيل,F
حشاد,M
بندي,M
يوستينه,F
جفال,M
بيجين,M
زعفران,M
امندا,F
هجرسي,M
ايزيس,F
اكرامي,M
عبداسلام,M
جاسي,F
جمالات,F
واسع,M
منهري,M
رتيب,M
مغاوري,M
روانا,F
بولاق,M
زنيب,F
غول,M
عشم,M
ثايت,M
نيسان,M
سوميه,F
شهندي,M
طهماوي,M
طراف,M
امبل,M
لادي,M
كريستين,F
ليديه,F
طوسه,M
مكسموس,M
اسكارس,M
ضاني,M
سلطن,M
عبدالولي,M
العيد,M
مهران,M
حمعه,M
سيلا,M
حقي,M
انجيليوس,M
الهادي,M
سيله,M
جيسن,M
السعيد,M
ابوخليل,M
قرضابي,M
يولس,M
شمندي,M
عبدالخبير,M
مين,M
ميللر,M
واقيم,M
عبداللا,M
انياظ,M
عبدالنظير,M
كحلاوي,M
شفاء,F
نجوات,F
ابوالحارث,M
السمالوطي,M
ابواليزيد,M
عبدالدائم,M
مشهور,M
سمريه,F
شوقيه,F
عبدالمعين,M
قليعي,M
ابراهم,M
حسيني,M
التوني,M
الاصنع,M
العتريس,M
بلسم,F
حهاد,F
العيتريس,M
حلف,M
عامرعبدالمطلب,M
جسري,M
اخمد,M
زويد,M
جسيان,F
راشيل,F
حندوق,M
ابواليل,M
غنيه,F
نسييم,M
جمبل,M
مربم,F
اثنانيوس,M
شعيان,M
جادالرب,M
هابيل,M
القمس,M
دكش,M
روماريو,M
صمويل,M
نيبل,M
عبدالمزيد,M
مطيره,M
صدق,M
كيرليس,M
ماكاريوس,M
صداق,M
نويجع,M
يوثام,M
عبدالمنجي,M
نوريهان,F
ارزاق,F
اسمهان,F
ابوحليبي,M
المنتصر,M
سليمه,F
مودلين,F
نريمان,F
المدثر,M
الهواري,M
نزهي,M
اريهام,F
انثال,F
اولفيا,F
جرس,M
حريه,F
احمدي,M
زبيدا,F
ابوشوشه,M
سندسيه,F
شاهندا,F
مادح,M
برسطاوي,M
نحمده,F
فركاش,M
مفضل,M
ابوعميره,M
ابوالشلابي,M
الماوي,M
خشروم,M
منور,M
ابوعشه,M
امباشي,M
اشواشين,M
ابوهارون,M
جبالي,M
دهب,F
حمام,M
ابوطرفايه,M
جلغاف,M
شحته,M
عبدالنادي,M
نميري,M
مقرحي,M
العزايم,M
زبون,M
ابوطلاس,M
السعدي,M
مشوادي,M
عرموش,M
ابوحلفايه,M
نخنوخ,M
ندره,F
عجب,M
صفي,M
هراس,M
مويس,M
مدلله,F
برميل,M
شواط,M
اسماعبل,M
حاكم,M
عبدحسن,M
شقلوف,M
بخاطره,M
الرزق,M
الانصاري,M
عويضه,M
رفغت,M
الصادق,M
كريستينا,F
الفولي,M
حسلم,M
السادات,M
رشدان,M
العظيم,M
عليش,M
جرو,M
عبدالعواض,M
انشد,M
قاياتي,M
رايقه,F
البو,M
اتشد,M
الصفا,M
شعرواي,M
بلياس,M
هلشم,M
قضاوي,M
حفظ,M
قمره,F
مجده,F
غزات,M
عبدالشلفي,M
شرف,M
وسيلي,M
برازان,M
تاوفليس,M
ابوالعلاء,M
توفبق,M
عذرا,M
مبخائيل,M
جادالسيد,M
هيدي,F
برام,M
سلومه,M
زخاري,M
النمر,M
ابوالوفاء,M
سفين,M
بهجات,M
عبدالمعتمد,M
متحت,M
العبيد,M
نمام,M
ندير,M
رزاق,M
قدريه,F
لواحظ,F
بدير,M
شهاد,M
قريش,M
اغابيوس,M
مرغني,M
طايع,M
وهمان,M
عبدا,M
الخالق,M
الحتي,M
الدمرداش,M
عزولاني,M
الدمرداشي,M
بنوره,F
الليثي,M
زيناهم,F
ستهم,F
الرازق,M
منتصره,F
نقودي,M
زرعي,M
ميخائبل,M
القياتي,M
بسمان,M
بيباوي,M
طايل,M
شهير,M
وحش,M
رشيدي,M
العيون,M
حكشه,M
عزقلاني,M
مرايف,M
حماس,F
روح,F
نتيج,M
قدس,M
مدينه,F
قاصد,M
غديري,M
قبيضه,M
الطبلاوي,M
اموره,F
الفونس,M
برنسا,F
محيسن,M
بلطيه,F
بهيثا,F
الخلعي,M
تقوي,F
فراح,M
النعيم,M
مشمش,M
توحه,M
سهرانه,F
ابوالكرامات,M
ازرق,M
منداري,M
عطيات,F
امري,M
مقبول,M
مسعوده,F
فصيبح,M
الحميد,M
عبدالحارس,M
مقبولي,M
سنجر,M
طبلاوي,M
عصمان,M
غيربال,M
جيلان,F
جرحس,M
سانتي,F
كيرستين,F
مكسيوس,M
بسيط,M
محفوظه,F
مروا,F
هلقاني,M
منجده,F
عاطب,M
مسعان,M
داس,M
ننسي,F
تكلا,M
عطانه,M
جبرائيل,M
استيفان,M
تكله,M
عبدرياض,M
جوفان,M
فليمون,M
مكيموس,M
بطوروس,M
عبدالراقع,M
مرداش,M
ابوسيفين,M
فيزي,M
عبالله,M
شربف,M
عتيق,M
الكبير,M
عبدالمتمني,M
خضري,M
معني,M
عبداسماعيل,M
مونيكا,F
مخالي,M
عطي,M
حيضر,M
اتور,M
اسيد,M
مثبت,M
ماثيو,M
امره,M
ايريكا,F
شرلي,M
جوفانه,F
جومانا,F
سيفين,M
ابوالفيل,M
سعدني,M
بسطاورو,M
عرندس,M
ابوسيف,M
سدره,M
غبدالله,M
فونس,M
لوندي,M
سومحه,M
لورنا,F
زاخريوس,M
عبدصاروفيم,M
مارفا,F
ماريهان,F
مانويلا,F
معمدان,M
مريت,F
مريهان,F
غايس,M
عبدالفادي,M
طنج,M
سنفرو,M
يوانا,F
صارفيم,M
ذاكي,M
اسطاور,M
كيهك,M
حبيش,M
سنكري,M
حمده,M
رؤول,M
راؤول,M
تايب,M
وردي,M
شارل,M
يسئ,M
عرموس,M
ملر,M
مريز,M
ابوحليقه,M
رحومه,M
فيومي,M
حدوت,M
زروق,M
دميني,M
بسل,M
عبدنادي,M
موره,M
هرام,M
شلاتيت,M
اردينا,F
اوجنيه,F
استيرو,M
الهامي,M
منداراوي,M
ابوالعلمين,M
الغندوري,M
هبا,F
يورين,F
الحنبولي,M
الزناتي,M
هنداوي,M
هيدرا,M
السنوسي,M
رجبيه,F
شرموخ,M
ابوحلقه,M
شلبيه,F
منجه,F
اسمناعيل,M
تمي,M
يثرب,F
عارز,M
ابوالحلي,M
عبدالرزق,M
الخير,M
ايثم,M
زهري,M
عبدالغنني,M
مياس,M
مجاهيد,M
انورالسادات,M
زربيه,M
عبدمناف,M
ابوحويه,M
شحيت,M
حوسين,M
الديك,M
الميمون,M
حرباوي,M
كاميليا,F
فرفور,M
منبيشي,M
شجيت,M
علاق,M
علوي,M
ضبع,M
اكحيميش,M
جنيدي,M
انجليوس,M
الزيني,M
بادير,M
هديب,M
ابوالكارم,M
الوهاب,M
برايت,F
جوفينا,F
ساندرينا,F
فيرونا,F
مارفي,F
جبيب,M
امشير,M
نردين,F
هديا,M
اوميمه,F
النعاس,M
العادل,M
نقيه,F
الدوله,M
سويكر,M
الكيلاني,M
امبيشي,M
حرب,M
المبروك,M
مريض,M
قدافي,M
سويس,M
ابوخليفه,M
عشوري,M
ابوغراره,M
عبدالمرشد,M
خفيف,M
سالسبيل,F
عزاوي,M
الالفي,M
ابوالنصر,M
زاينهم,M
عوضين,M
قريشي,M
شويكار,F
ابوالحمد,M
عيون,M
هياء,F
محمو,M
الطرشاني,M
القادر,M
مدكور,M
عبدالعاظيم,M
الحقي,M
شهنده,F
جسار,M
متصر,M
العبد,M
افرونيا,F
عاذر,M
دولاجي,F
الشريف,M
هايمن,M
اصلاني,M
النشار,M
فنحي,M
الحنفي,M
عبدالمنصف,M
المعزلدين,M
بندري,M
خطار,M
لنعيم,M
ابوا,M
لعمران,M
ادوار,M
ا,M
رحب,M
بواقيم,M
البكري,M
شربيني,M
عبدعطا,M
غبور,M
محمدود,M
سريال,M
ايفلين,F
بارثينه,F
الريس,M
بر,M
زبنب,F
دنديشي,M
فر,F
حه,M
ممد,M
كلير,F
سمسوم,M
ترياك,M
اشعيه,M
ميريهان,F
الجندي,M
سحاق,M
يوليانه,F
ابوخالد,M
ابوالنيل,M
عيادالصغير,M
عبدلله,M
ملتياد,M
صقي,M
عبدشكري,M
المسيح,M
زكا,M
تونس,F
روفيدا,F
رمصان,M
ارشيد,M
ابواسماعيل,M
السمري,M
بفام,M
بحي,M
طوني,M
عرقات,M
كراس,M
اوجينا,F
اوليزيا,F
باسنت,F
تريفانيا,F
ذيدان,M
كرومل,M
حدق,M
عرباوي,M
ليئه,F
عبدفايز,M
ماريانه,F
عبدغطاس,M
ميشال,M
نيقولا,M
جبراوي,M
شويك,M
اوريا,M
نخيل,M
افرام,M
امانيوس,M
بشنونه,M
عبدلويز,M
عبدشحاته,M
رحوم,M
نحاس,M
استاورو,M
اهداء,F
ابوزينهم,M
ثوني,M
غرياني,M
ابوحسن,M
ابوالخير,M
فله,F
مدني,M
دفشي,M
طعلت,M
اوجد,M
سويطي,M
صغبر,M
ارين,F
ابوالوفا,M
مجروس,M
عبدالظيم,M
تغان,M
مدرونه,F
مشفت,M
توغان,M
نجفه,F
جوار,M
عبدعزيز,M
اسام,M
بنيه,M
ونجت,M
اسكندره,F
رومندا,F
عط,M
مستوره,F
عبدمتي,M
ضليب,M
بنيوت,M
بيطر,M
فيلوبايير,M
اوسامه,M
اندروس,M
ريني,F
نوس,F
تيمور,M
اسرافيل,M
بسخيرون,M
شنودا,M
ايفيت,F
عراقي,M
كستور,M
زهو,F
متجلي,M
سيحا,M
قته,M
الصرماني,M
عبدخله,M
مرتينا,F
عاز,M
حبش,M
نفيسه,F
نميس,F
خله,M
اسكاوروس,M
قلدس,M
ملطي,M
بصير,M
عبدمنير,M
بسطه,M
ابوالحكم,M
توضروس,M
ضبعي,M
اميايي,M
محمدرضا,M
شجراني,M
محمدالامير,M
احمدالصغير,M
محمدالسعيد,M
نويري,M
عبدالشيمي,M
راويا,F
بسطامي,M
منداروي,M
افرينا,F
عبدالقالدر,M
براءه,F
مهدلي,M
وصيف,M
توجت,M
ففيانا,F
فكتر,M
منهالله,F
ليشع,M
عكوش,M
عبدوليم,M
محمدي,M
اجود,M
قبيل,M
عزيزالدين,M
الشرولي,M
زهرالله,M
سمحي,M
باهيالدين,M
اقواطين,M
واعد,M
قابل,M
لدين,M
الخوزاعي,M
ابسم,M
عفالله,M
القيس,M
ابوالعز,M
عبدالجميد,M
عطيان,M
عيدالمجيد,M
تركيه,F
عبدلوهاب,M
محمدربيع,M
زهوه,F
ديك,M
سهر,F
سونه,F
نهرو,M
شمخ,M
جاورجي,M
بلبل,M
محمدكمال,M
عنقوله,M
رجا,M
شالوش,M
يوستسنا,F
البصري,M
اليوسفي,M
فلامون,M
توقيق,M
بشراي,M
نياظ,M
المنذر,M
عبدالمنتسب,M
عبداحمد,M
عبدكرومل,M
عطفي,M
امبيه,F
ليسي,M
مايزه,F
فصل,M
عبدالمستجاب,M
مضان,M
دبيكي,M
مرزبان,M
ابرا,M
هيم,M
غزاوي,M
اغاني,F
يادم,M
اوديت,F
دليمي,M
سلسبيل,F
افكارين,M
منفي,M
سسالم,M
بصيص,M
السمان,M
مفاح,M
غراره,M
الصيفي,M
حست,M
علمي,M
ايفان,F
ابوصيام,M
نطر,M
عبدالغتي,M
زيداز,M
مؤمنه,F
اشر,M
ف,M
حفظي,M
هتلر,M
سكران,M
حرني,M
شلتوت,M
رائق,M
خليلم,M
فلاح,M
عبدالباقلي,M
عبداعزيز,M
افتنون,M
هبدالعال,M
اسيه,F
حدور,M
عباللطيف,M
ابوالسباع,M
عبدالرحممن,M
عبدشبيب,M
ابوديله,M
عبدالحليل,M
ابواللبل,M
سياف,M
شمت,M
زعزوع,M
ابوالسباغ,M
جبرئيل,M
الصديق,M
غبدالعال,M
غبدالحفيظ,M
احترام,F
الاصهب,M
مطرود,M
عبدجريس,M
شلقاني,M
اسليمان,M
عبدالنصير,M
ويلي,M
عبدالناجي,M
ابوالدلال,M
مسمح,M
افنيس,F
النبي,M
بنزويل,M
بيرو,M
ناروس,M
دح,M
رميح,M
سماوي,M
بحراوي,M
باريز,M
عبدابو,M
عبدابوالليل,M
عموش,M
اليزيد,M
الاسلام,M
معاتيق,M
شهده,F
لطيوش,M
رسلان,M
طرفايه,M
شريناز,F
حصاوي,M
مفتاج,M
ابومدين,M
ابوالعزعبده,M
عطيفي,M
ماهرعثمان,M
الحجازي,M
هرون,M
محمدطارق,M
نودي,M
بسطا,M
محمودالصغير,M
بطيحه,M
محمدامين,M
عمرهشام,M
النسيمي,M
كارلس,M
ضياءالدين,M
ماهرمحمود,M
نصرسيد,M
زعلول,M
محمدالبدر,M
مصيلحي,M
احمدماهر,M
محمدرفعت,M
الضبع,M
عامرطلب,M
حسونه,M
قمصان,M
وحبد,M
الفارس,M
مريد,M
برهيجي,M
نغم,F
روميساء,F
فيرا,F
فوده,M
باتريك,M
واسيلي,M
دنيال,M
انسي,M
فلتس,M
تادروس,M
محمدعادل,M
جولي,F
عطاي,M
نظيف,M
الخراط,M
سلبمان,M
صوفيا,F
فيرونيكا,F
جوارجي,M
كاتي,F
مارولا,F
ماهينور,F
ميرونا,F
شمروخ,M
جومانه,F
كرار,M
ترنيم,F
هانبا,F
جان,M
كارل,M
رؤف,M
مايك,M
ميلر,M
وعدالله,M
مسامح,M
دومه,M
عبدالوالي,M
خبيب,M
تودري,M
براهيم,M
سين,M
بولص,M
نياظي,M
الغباشي,M
الفرغلي,M
ماذن,M
اوسام,M
وسمي,M
عبدالمعبدعبدالنبي,M
محمدراضي,M
عبدالرجال,M
استمالك,M
صابري,M
زناتي,M
روقيه,F
عمده,M
صفيناز,F
مارثا,F
حواتكي,M
الطبري,M
حريز,M
حج,M
مححمد,M
حجاري,M
اردينه,F
ايفا,F
اعتصام,M
عبداباسط,M
ض,M
ث,M
بيسمله,F
تقا,F
تميمه,F
السر,M
كلحي,M
حسوبه,M
لولي,M
شدا,F
محمدحسن,M
مقلد,M
ميراي,F
ميسم,F
نرفانا,F
ع,M
همس,F
هيلن,F
جاستن,F
قطيط,M
سولينا,F
مورين,F
ميرام,F
هولي,F
هيلاري,F
عطفان,M
عبدالسند,M
ناظر,M
مساك,M
جيوفاني,M
عبدالخير,M
البيومي,M
هوي,M
عبالرحمن,M
مولر,M
نوناي,M
اشكيناز,F
اغابي,F
العلياء,F
اوجينه,F
تسبيح,F
عبالمسيح,M
جودي,F
راغت,M
رودينه,F
روفانا,F
ت,M
النوبي,M
عبدالعزبز,M
،,M
فرونيكا,F
ز,M
مايجن,F
عسران,M
ايسن,F
احمدمحمد,M
الفريد,M
سامنثا,F
زهيف,M
انطونيو,M
الفكري,M
فتي,M
م,M
عطيتو,M
ابومخلوف,M
محمدالعبد,M
الطاهر,M
العادلي,M
شمشوم,M
ارسولا,F
جورجينا,F
ابوالعزم,M
التركي,M
عبدالروؤف,M
دمتري,M
تاروز,M
داوس,M
فيرجينيا,F
روبرت,M
ليفون,M
مايوركا,F
الطويل,M
ميرال,F
رحماء,F
الهجان,M
البركاوي,M
ابوخيشه,M
الديب,M
الاسيد,M
البدراوي,M
رينيه,F
بريده,M
خضرواي,M
عبداالعزيز,M
نوزاد,M
ابوالطيب,M
بركسام,F
شهري,M
عسقلان,M
بري,M
عدالفتاح,M
مارتين,F
عطيطو,M
ناعسه,F
ابوالحجاج,M
يؤنا,F
روديلف,M
تسن,M
معبدسيد,M
زعفر,M
موهوب,M
محمدنور,M
محمدشيتوي,M
عصماء,F
نجوه,F
بوسف,M
الغني,M
شريعي,M
الصغبر,M
براهبم,M
الغزالي,M
مطيعي,M
القدري,M
القطيعي,M
مزارع,M
عبدالكر,M
يم,M
ارستين,F
ايرين,F
ايفت,F
بارثينا,F
ابوضيف,M
روزالين,F
المختار,M
ماريام,F
عزير,M
حببب,M
مشهد,M
يؤانا,F
حمدالله,M
ميجر,M
جوناثان,M
قناويل,M
العزيز,M
تنداوي,M
سكنه,F
سوسينه,F
احمدالحسيني,M
صنيوره,F
مرينه,F
ياسرر,M
ناجد,M
محمدعمر,M
انجلوس,M
عبدالحكبم,M
رضاي,M
سرالختم,M
واحي,M
ابوالعمران,M
خضيري,M
نبوت,M
اشراف,M
عوص,M
رافائيل,M
معبدصابر,M
سعاده,F
عليات,F
شازلي,M
شرازي,M
قصدي,M
اوفديه,F
عسكر,F
خضير,M
البطل,M
نظل,F
هزلن,M
ابوالهدي,M
سركيس,M
هرني,M
عسير,M
قباري,M
امساك,M
عببدالحميد,M
الصالحين,M
شطبي,M
عبدالاله,M
عالي,M
يارب,M
خلي,M
ايراهيم,M
سرجيوس,M
الهيثم,M
ميلا,M
ناحج,M
ذوق,M
فلو,M
باتير,M
اسطاوروس,M
خليله,M
عبدالحكميم,M
عهدي,M
اوجيني,F
ايار,F
علوه,M
سلسبيلا,F
بايزيد,M
مارفل,F
وريث,M
جويله,F
عبدالماجد,M
محمدالزيني,M
الرستم,M
--------,M
البرنس,M
وضيئ,M
النميري,M
نعنوس,M
تاغي,M
مرضي,M
عبدالباصير,M
لحمد,M
بن,M
نتج,M
غضوب,M
عارفين,M
العقيلي,M
مستغاضي,M
ماضبي,M
سلوان,F
شحوت,M
شوري,M
عبدالصابور,M
ارمياء,M
بنامين,M
جيوشي,M
مملوك,M
سايمان,M
كيرولس,M
عبدالعزيو,M
منجد,M
فاز,M
عبدالعزير,M
اسرء,F
حسنه,F
رساني,M
عبدالدين,M
يوءنا,F
اابراهيم,M
عفيفه,F
مهيار,F
قشيري,M
مشعال,M
شيبوب,M
عبدعبدالله,M
الياب,M
عبدالجاير,M
عبدالنعبم,M
شيخ,M
روحه,M
وهيبه,F
ادمرداش,M
السقا,M
حنل,M
اصمعي,M
زاير,M
زكاري,M
سهيلا,F
غرباوي,M
الي,M
جورجيوس,M
ايمنه,F
عشور,M
سنجام,M
فدراوي,M
عبدالسلا,M
كفافي,M
اصنعي,M
ثيودورا,F
حدقه,F
رايق,M
مريام,F
عبدمحمد,M
ابوالعينين,M
محلوف,M
بسيخرون,M
برقي,M
جليانا,F
محمدعزت,M
موده,F
حواش,M
محمدالبيومي,M
نيازي,M
مراحب,F
عايش,M
الحفني,M
الفتوح,M
كابر,F
مرسا,F
عبالعزيز,M
يمنه,F
صهار,M
وقيم,M
نورفانا,F
حلو,M
ابوالشيخ,M
افيولا,F
سدراوي,M
حسانبن,M
صومائيل,M
بشات,M
هزلي,M
اربسيما,F
العشري,M
متيسر,M
ديانه,F
يوناي,M
الازرق,M
مارسه,F
سرافيل,M
محمدسعيد,M
خورشيد,M
خسيين,M
تؤفيق,M
جاليه,M
هيتم,M
زقزوق,M
الدارقطني,M
مونس,M
خرستو,M
ابوالعطا,M
فوكيه,M
ابنوب,M
السباع,M
النقيب,M
محمدنجيب,M
لوز,M
الشاهد,M
صلا,M
ح,M
قلفاوي,M
خيشه,M
اصباع,M
ابوالريش,M
جميان,M
كمالي,M
ابوعبيده,M
الريش,M
ايرائي,F
ابواليامين,M
راغده,F
عنايات,F
قزمول,M
بشوت,M
مهتاب,F
عبدالقافي,M
لما,F
عبدالشافعي,M
نفوس,M
عشيري,M
السبيعي,M
قرشي,M
هائم,M
ها,F
جر,M
فايض,M
ابوحلفه,M
الكسبان,M
خرش,M
محمد.,M
النقراشي,M
عقباوي,M
جيميانه,F
انوري,M
هلباوي,M
محمدرجب,M
لليان,F
الدراوس,M
حلميي,M
محمدفولي,M
ابومعاني,M
زوين,M
شفقيق,M
حكمات,F
صبحه,F
عبدالحواد,M
طياب,M
كسوات,M
ابوشناف,M
الشامخ,M
دويب,M
طغيان,M
خطيره,F
غندي,M
معبدمختار,M
عزاز,M
ثاوفيلس,M
رب,M
انجيلوس,M
رئيس,M
كسبان,M
جليه,M
قمير,M
عبدالحريص,M
جارح,M
قواطين,M
صاغ,M
شكل,M
الحسناء,F
محمدنادي,M
دليا,F
راند,F
اميرالمؤمنين,M
متع,M
والي,M
اوعاد,F
بزاده,F
حكيمه,F
حموه,M
عزيمه,F
منياوي,M
واثق,M
نتعي,M
عماري,M
الجالي,M
ابوسعود,M
اليس,F
شعيت,M
ابوالنجد,M
زير,M
ليليان,F
بشاري,M
شاؤول,M
عبدالرءوف,M
عجيان,M
شيت,M
عطوان,M
الرهيف,M
صمؤيل,M
دريس,M
مكارم,M
بهلوي,M
صموئي,M
حباسي,M
روبيل,M
علي,M
فوري,M
تواضروس,M
فنيار,M
تيموناوس,M
عدبد,M
الجليل,M
راضيه,F
جيره,M
نوفانه,F
ابوالطاهر,M
فاريز,M
قوزي,M
نقاوي,M
افلاديوس,M
مودي,M
محسون,M
شال,M
مندروي,M
عربان,M
ميرغني,M
ميصر,M
ابوقرمان,M
عبدالرجمن,M
مندوري,M
مزيون,M
ميرت,F
ميسر,M
سمين,M
الحديدي,M
ونس,M
خافظ,M
برت,M
البسطاوي,M
محمدجمال,M
جستين,F
مايبل,F
ناغي,M
قلديوس,M
بساليوس,M
الراضي,M
افراج,F
ساكن,M
نان,M
قضيان,M
جيوش,M
بسالي,M
البحيري,M
محمدعبدالباري,M
جادالمولي,M
عبدالواجد,M
انتوني,M
جاكسي,M
روميرو,M
شعماش,M
مؤذن,M
مشال,M
ليمون,M
يوسام,M
غيطان,M
لصيق,M
مراجع,M
ابريك,M
المنفي,M
مشحوت,M
لبنه,F
الشرقاوي,M
همالي,M
ابوفرده,M
حلات,M
سقام,M
رومانده,F
مادين,F
اوتير,M
كسوان,M
وظيف,M
ديمتري,M
فلامين,M
انبيشي,M
شناف,M
ميكل,M
ارشاد,F
الاصنعي,M
عبداالله,M
امبيش,M
عبدالحقيظ,M
عبالسلام,M
صفيالدين,M
تاجي,M
عقب,M
متصور,M
المجدوب,M
خميش,M
ترتيل,F
زيس,F
عبالجواد,M
عداوي,M
خليف,M
دردرير,M
الرعد,M
اشموني,M
ذكرا,F
قريوي,M
عندليب,F
فاروز,M
طامي,M
عطايلله,M
ميكائيل,M
ابوقيله,M
اللافي,M
بانوه,M
عبداللطف,M
انورين,F
بنان,F
روال,F
عيناء,F
لوجينا,F
حناوي,M
نعم,M
زاده,M
برتله,M
باسيلي,M
كيفن,M
امنون,M
الشيمي,M
نورسين,F
خديوي,M
همسه,F
زانا,F
بوزان,M
رموك,M
كاميران,M
افوميه,F
جوانه,F
راعوث,F
سميوت,F
فرنيكا,F
فورينا,F
كرستا,F
ظهران,M
كريستي,F
مقاريوس,M
بموا,M
ملقا,M
دماديوس,M
ضبيع,M
عجابيي,M
مسيحه,M
استريكا,F
باغوش,M
ميرهم,M
هلتر,M
بؤاد,M
غنوم,M
ماجدي,M
عبدالملام,M
ذكره,M
احد,M
خطيري,M
محمدالمهدي,M
ذاحمدذ,M
محمدماضي,M
حبب,M
عبادالدين,M
كريمو,M
حساسين,M
سامير,M
القطشه,M
عبدالثالوث,M
عبدناصر,M
عبدالجلبل,M
عبدالقهار,M
ميره,F
اسامي,M
جويلي,M
شحلته,M
الديم,M
عبدالفهيم,M
زاخرنوس,M
رضيه,F
المجد,M
الشاذلي,M
عيدالعزيز,M
ذايد,M
عبدالروف,M
نقراشي,M
خمدي,M
محمدالجبالي,M
المالك,M
المنجي,M
العال,M
الكافي,M
الحكم,M
الحي,M
الصمد,M
سعدالله,M
المجيد,M
العاطي,M
السميع,M
المعطي,M
السلام,M
طناس,M
نيلي,F
مطراوي,M
الملاك,M
العليم,M
جهلان,M
الجابر,M
نورالهدي,F
اذان,F
عبدالمطلوب,M
معزوز,M
اسما,F
اليسيا,F
معبدسليمان,M
انديرا,F
غاندي,M
ايتن,F
وجيد,M
ترفينا,F
زهدي,M
ثيؤدورا,F
محمدصلاح,M
رستم,M
رومياء,F
زواتي,M
مارستا,F
وسمن,M
عصفور,M
محمدنصر,M
ميراف,F
رؤوق,M
اهله,F
برسكلا,F
بريسكلا,F
تريزا,F
رئيفه,F
مايدي,F
الكسان,M
بستكلي,M
محمدعبدالحميد,M
استفين,M
طرخان,M
العيسوي,M
اللَه,M
فصيحي,M
الدرملي,M
شناوي,M
متوشلح,M
الداكر,M
درباله,M
محمدفتحي,M
محمدفؤاد,M
اتهم,M
دغار,M
العمده,M
عبداللَه,M
احمدهاني,M
زياده,M
عطار,M
نعوم,M
مدحث,M
السفاوي,M
زغيب,M
كبرلس,M
محمدسمير,M
ليه,M
معبداحمد,M
نمس,M
هدؤ,F
برشومي,M
بردويلي,M
سمبر,M
قدوس,M
اوسانيا,F
ريبعي,M
بياتريس,F
عبلدالرحيم,M
بشرري,M
فرنسا,M
سنيوره,F
لافنيا,F
رؤفائيل,M
سداري,M
شمعون,M
سبيل,M
الراوي,M
بيجيمي,M
جوفاني,M
طنجر,M
اخنوخ,M
الاحنف,M
باييس,M
صموئبل,M
طباعه,M
فالمون,M
رودا,F
يونا,F
بيير,M
بربتوا,F
زارع,M
شبانه,M
سمعت,M
حسا,M
نين,M
برسيس,F
ابوقير,M
روزينا,F
ادورد,M
زوات,F
فرحانه,F
شكيب,M
نصرالله,M
مبرنا,F
قطا,M
فت,M
ميرنا,F
فضل,M
ابوالزين,M
فلتاوؤس,M
الضلف,M
رايد,M
ديماس,M
باهور,M
خشيت,M
قسطندي,M
سمور,M
ملقه,M
سالمان,M
ابورحاب,M
انشر,M
بهيه,F
منظر,M
شمعه,F
مريه,F
بدالحميد,M
عبالمجيد,M
محمدرحب,M
سا,M
لم,M
محمدعبدالله,M
شحا,M
ته,M
المجاهد,M
عبدالو,M
هاب,M
فا,F
طمه,M
ما,M
جد,M
سعدواي,M
نيارا,F
ستينا,M
حفطي,M
يسريه,F
كا,M
مل,M
ملتجي,M
واثل,M
سمسم,M
ظايط,M
طا,M
رق,M
عبدالتو,M
اب,M
عطفت,M
اوي,M
ابر,M
دنبا,F
مكاسب,F
هويمل,M
ايويكر,M
عويمر,M
عبدالمبدي,M
حسانيين,M
مناور,M
فوقي,M
عنترا,M
عبدين,M
شوبان,M
بدين,M
ايره,F
صفوه,M
شحانه,M
ظني,M
قابول,M
فتيان,M
غنا,M
مجد,M
نعناع,M
الحمامي,M
مخمير,M
ابواليسر,M
صرمان,M
روبيلي,M
حرم,F
صهيون,M
محمدرفاعي,M
ابوحسيبه,M
حقيق,M
كتان,M
محمدناجي,M
محمدعصام,M
تمتري,M
فيليم,M
يايرس,M
شبراوي,M
سيناء,F
معالي,F
عبدالرحبم,M
لقيه,F
يباني,M
هيشام,M
اَلاء,F
رابي,M
بارزينا,F
عزيزالدبن,M
وقفي,M
ابوصغير,M
اسماعييل,M
بسطاوي,M
عظيمه,F
راعي,M
ابوالحمايد,M
الفضل,M
قرش,M
الشعراني,M
افيت,F
حنيه,F
قمرات,F
كريه,F
فيظ,M
العز,M
داهش,M
رائده,F
عزرا,M
شفيقه,F
ناورز,M
سرياني,M
ماردونا,M
ابوالطراطير,M
الوفا,M
عبدالفادر,M
فرنواني,M
واسق,M
مرندا,F
اليه,M
اليمين,M
الحمايد,M
كرولس,M
راشدان,M
الجنايني,M
جنايني,M
عقيلي,M
اصلان,M
زيني,M
ابوبريق,M
بدراوي,M
توكال,M
سبيعي,M
مظني,M
الليف,M
الاريا,F
جلوجي,F
طير,M
شمشون,M
السعد,M
فوقيه,F
كريشه,M
مجمد,M
عبدالفاضل,M
معدن,M
نيا,M
رودي,F
تاجح,M
لندا,F
مشنب,M
بعزق,M
اثيبه,F
غويل,M
مشالي,M
حكمه,F
نا,M
واجد,M
ممتثل,M
وجيهه,F
ازلي,M
منسوب,M
صياح,M
شيبون,M
حظ,M
معبدحسن,M
عببد,M
المنطلب,M
وزيري,M
درديري,M
زعيم,M
اربسينا,F
مارتينه,F
فابق,M
نابليون,M
عيدالوارث,M
كبر,M
فكتوريا,F
اليوس,M
تفيده,F
موعود,M
رءوف,M
انبيا,M
سابا,M
استيفين,M
شاربيم,M
بونيه,M
كلام,M
اسخرون,M
وايز,M
موريد,M
باسيليوس,M
ادب,F
شهام,M
دكتور,M
شكلي,M
خلودي,M
عبدالعظيمم,M
محرس,M
عبدالحمبد,M
طارف,M
محمدالدمرداش,M
شاور,M
روميدا,F
زهيره,F
بحران,M
قنعان,M
جهيني,M
اسماغيل,M
سروجي,M
رولينا,F
ليزداشير,M
جيسون,M
طوس,M
نتاج,M
خورس,M
حاضر,M
يسطا,M
ريحات,F
عابر,M
محمدحسني,M
روبين,M
درياق,M
مغيب,M
الساعدين,M
بنداره,M
معنوي,M
تيرو,M
بنزيون,M
رماني,M
الدبو,M
براد,M
عبدالاه,M
مغازي,M
علشور,M
ليله,F
مبدي,M
يولا,F
قزمال,M
سيلفر,M
قرنفيلي,M
ابوخطوه,M
راقي,M
الصباح,M
ناسان,M
دخليل,M
مطاريد,M
شياتي,M
ابوطناس,M
قفطان,M
شاني,M
سنيوس,M
شواف,M
طوبيه,M
هليل,M
ابوعمر,M
ابوالمعاني,M
محمدصابر,M
يماني,M
بشيري,M
قلته,M
واصل,M
ابوهندي,M
حميات,F
شوي,M
زاملي,M
ابوطاقيه,M
معبدعبداللطيف,M
مجمود,M
مهلهل,M
طرشاني,M
نسان,M
هرماس,M
بسطويس,M
طوسون,M
بسيلي,M
ناصرعبدالموجود,M
ابوعياده,M
عمري,M
جوستينا,F
روناء,F
ابوعفيفي,M
جدامي,M
هلي,M
روحي,M
فرويز,M
عمراني,M
نجار,M
حفناوي,M
معدول,M
برهام,M
الدردير,M
بادروس,M
اناسميون,F
ايفوديا,F
بيسان,F
دسيد,M
ساويروس,M
روفينا,F
روني,F
رووف,M
نصيح,M
الطباخ,M
فبرونكا,F
محمدالطيب,M
روبير,M
سيداروس,M
مرولا,F
عجبان,M
جدعون,M
العسقلاني,M
ابوعلي,M
مهراءيل,F
ميريام,F
شارف,M
عبدالؤمن,M
عبدالحيمد,M
النجار,M
ارس,M
يوستنا,F
جسنين,M
حاوس,M
اورسولا,F
اوفيديا,F
اسطس,M
جولين,F
خرستيان,M
ابولس,M
زقم,M
عزره,M
غندر,M
نتالين,F
ندرين,F
باندي,M
مايوريكا,F
اغادير,F
برايه,M
رانيم,F
رانين,F
برزي,M
جوليانا,F
نورين,F
اغا,M
عبدالحافيظ,M
شمرون,M
الكاشف,M
خطيب,M
درملي,M
روفلئيل,M
درديربدوي,M
جزيره,M
مشرفم,M
ساميح,M
ليسكو,M
بستفروس,M
صحصاح,M
ريد,M
لوزي,M
جوزبف,M
فرويس,M
فيني,M
البغدادي,M
ضورار,M
احمدمختار,M
رومي,M
فليته,M
حزقيال,M
ؤياض,M
فليم,M
حاروس,M
مليك,M
حتس,M
دايفيد,M
جنتلمان,M
روفائبل,M
كلارك,M
عاجل,M
فرايم,M
ماكن,M
سايح,M
رسل,M
ماتوشالح,M
تودير,M
اّيه,F
جانو,F
عبداتواب,M
رابحه,F
جناح,M
عبدلحليم,M
عبدالعطي,M
زهزه,M
ممصطفي,M
مندو,M
مارسيلينو,M
جلاء,M
الباشا,M
حريشي,M
درامللي,M
مورينا,F
رابين,M
حريش,M
حميل,M
نزبه,M
تغرير,F
قطابي,M
كترين,F
عزتلي,M
اصيله,F
مزمز,M
عبدالمغيث,M
المامون,M
عبدلرشيد,M
لويذ,M
ابنسام,F
دماس,M
عزاري,M
انايسمون,F
عمدان,M
بوعذ,M
عزري,M
تناغو,M
استطفانوس,M
دونيا,F
حنالله,M
رين,F
سومه,F
تناغي,M
شيلوميز,F
لابان,M
فيفان,F
لبان,M
لظيم,M
لوئيس,F
لورينا,F
بوعز,M
اختيار,M
ماقي,F
زخطوط,M
مناسي,M
شروبيم,M
لوريس,M
وسلينه,F
شامل,M
راوبين,M
يوسق,M
انسيمس,M
اوشام,M
سليدس,M
رحبعام,M
كندي,M
كتكوت,M
مزيد,M
غمري,M
حناالله,M
بهاج,M
لمبو,M
عدراوي,M
نادير,M
شاول,M
جحرود,M
فيلمون,M
نايه,M
بالي,M
محفوض,M
رزقالله,M
شمام,M
انا,F
احمدغريب,M
سنبه,F
كاترينه,F
فلتاؤس,M
سانيوس,M
فرمن,M
ابوسفين,M
كاتب,M
سوستانيس,M
عبدالمجلي,M
لحظي,M
متيوس,M
غرباس,M
جورجيه,M
وزيس,M
ورمس,M
فكيوس,M
الويس,M
اغرباس,M
راؤف,M
عبدالمفيد,M
مفيده,F
كلوبا,M
سوارس,M
الوين,M
حارص,M
جبرا,M
فيرلند,F
لوريسا,F
روس,M
مارجو,F
سيجفر,M
يحنس,M
راؤوف,M
روابين,M
اريانوس,M
فضلله,M
لكسان,M
لويد,M
زهجر,M
مبلاد,M
مرقوريوس,M
شكيم,M
دوابه,M
شقالله,M
ازيس,F
مريانس,M
باسيلوس,M
صابور,M
بهجه,F
عبدالهلال,M
روماندا,F
مستقيم,M
ازنهور,M
تلب,M
طالع,M
جبا,M
كارتر,M
دفش,M
تلكه,M
حرزالله,M
بسكالي,M
غبره,M
عزاريا,M
ناظير,M
متريوس,M
فيفو,M
خزين,M
مقدسي,M
كلاووس,M
يؤانس,M
دلفي,M
محمدفكري,M
سكره,F
مارفيل,F
لبس,M
عراندس,M
محمدالعشماوي,M
القناوي,M
خلفه,M
العشماوي,M
كارلوس,M
محمدشعراوي,M
مر,M
برهاني,M
اسيمون,F
فرياقص,M
الكس,F
جاكين,F
نعمام,M
جرمين,F
مقابل,M
مبرك,M
مردخان,M
عسله,F
بلاشون,M
توسن,M
فنتر,M
كيرلص,M
فرانسيس,M
موجود,M
توفيليس,M
يسه,M
ميساك,M
سكله,M
سبالوس,M
لورين,F
امونيوس,M
سان,M
سيرل,M
واسيم,M
مارتيروس,M
ايلاريون,M
ساروفيم,M
اسكوندس,M
ابشالوم,M
قرقاقص,M
دهمان,M
مقعود,M
ابوزايد,M
قط,M
محمدعباس,M
ابوالمعاطي,M
جمالالدين,M
عشمالله,M
عبدالعاال,M
عريي,M
ابوزبد,M
بدي,M
عيس,M
خاف,M
ابوحنين,M
شاهرالدين,M
عبدالخالد,M
نفير,M
بواب,M
المراغني,M
ميز,F
معبدمرسي,M
محسوب,M
نابيل,M
شلوفه,M
لفيا,F
فيلو,M
قلاديوس,M
خلبل,M
عبدالصانع,M
معبدعبدالمالك,M
عزميه,F
عسوي,M
شعلان,M
رفقي,M
ماموني,M
عبداللرشيد,M
استنيس,M
سمهان,M
فلفل,M
فكيه,M
سامين,M
زكربا,M
رامونا,F
وهدي,M
وجهي,M
ترتيب,M
وهدان,M
ندين,F
هيسم,M
محمدهشام,M
سقاو,M
هدايا,F
معبدابوزيد,M
جميلد,M
عبدالهادئ,M
ريده,F
لاظ,M
شاه,M
عبداللمالك,M
عبدالمطيع,M
عبدالعني,M
يكر,M
معبدعبدالله,M
حام,M
سيبويه,M
رودينا,F
ساميا,F
ابوجامع,M
فليت,F
احمدالبدوي,M
عريف,M
ابوالعنين,M
عقوب,M
اروا,F
عبدالمحي,M
تقوه,M
بيه,M
اّدم,M
فدوه,F
غبدالرحيم,M
منز,M
عاشيري,M
الملك,M
يهي,M
جوهري,M
سابق,M
استيفون,M
محمدجميل,M
وسليدس,M
عاطر,M
عبالحميد,M
تيطس,M
زيلون,M
عيدالمنعم,M
عواض,M
طباع,M
معداوي,M
الامبر,M
بهدال,M
الاول,M
سمار,F
فكرات,F
نوهان,F
سائب,M
عطوي,M
تناظر,F
سرتيال,M
كاترن,F
جو,M
زعفان,M
بخيته,F
شحتوت,M
سبيع,M
طوبه,M
بي,M
نقي,M
مشابط,M
قوي,M
حد,F
ثبوت,M
عين,M
سمحه,F
دهاني,M
نعاس,M
منثي,F
دهماني,M
مفادي,M
جروش,M
ابوه,M
ميفن,F
بهيجي,M
روفيه,M
قتحي,M
رانبا,F
كني,M
سار,F
ه,M
شاطر,M
مرداشي,M
قبيلي,M
علاالله,M
معز,M
ابوالجبال,M
ابوالحبال,M
اعماري,M
عيساوي,M
ابوزكايب,M
الختمي,M
محمدجابر,M
زولجي,M
عدروس,M
لؤلي,M
بقيعي,M
شاكيب,M
جاوي,M
كزم,M
عبدالشكؤر,M
عبدالتاغي,M
مبصر,M
فورتنيه,M
ايلاء,F
جسن,M
عادلي,M
بساط,M
المبي,M
عاشوري,M
حارس,M
شراني,M
عبدالشاكر,M
بهائي,M
احمدحلمي,M
قابيل,M
سهيم,M
مزاج,M
تحسين,M
ابوالعرب,M
رضه,M
نحمد,M
اهاب,M
الستار,M
اغاثون,M
زقلف,M
جمدي,M
هتاء,F
معبدعبدالرازق,M
عامرناجي,M
معبدعلي,M
كايد,M
بياضه,F
جفلان,M
شجيع,M
ساوي,M
نجيم,M
فجرالاسلام,M
عبالمنعم,M
ابوعريبه,M
وريت,M
عبدالرخمن,M
ادريه,F
محمودالقاضي,M
عبدالكبير,M
مساوي,M
عطايا,M
سويري,M
سلوم,F
حمزاء,M
وزيره,F
مشادي,M
ارنس,M
ابوغدير,M
عبدالصليح,M
غرياس,M
لوله,F
ابوالمواهب,M
محمدهاني,M
هايكن,F
العريني,M
عبدالحيكم,M
معاذالعريني,M
سيداحمد,M
ابراهييم,M
عامرعمده,M
محممود,M
حميحم,M
افيد,M
عدالحميد,M
الحاظ,F
برايا,M
تمني,F
عبدالماللك,M
حيص,M
بيسم,M
يثا,M
رغدان,M
ريس,M
بيرم,M
فتوخ,M
دراملي,M
سمان,M
رسوم,F
سامحي,M
نديره,F
رمون,M
عبدالصالح,M
ضو,M
محمدايمن,M
ابوالاطرش,M
سجا,F
ناني,F
عبدالاول,M
فهممي,M
محمدعبدالرحيم,M
سيفيان,M
امين‏,M
دريه,F
شدوي,F
بقوسي,M
بريكه,M
دمري,M
عبدالشافي‏,M
النور,M
عيدالباقي,M
زخروف,M
عوام,M
خيرت,M
ابوعريف,M
سكندس,M
هلاوي,M
عبدالمريد,M
عبدالقادز,M
سيهام,F
شموع,F
عثملن,M
جلاتينه,F
قصيبه,F
لورانس,F
قمحاوي,M
داش,M
عبدالشفي,M
بهنسي,M
دشت,M
شخلال,M
ابوقاسم,M
علون,M
مخطار,M
عبدالمرتضي,M
عبدالطاهر,M
الباسل,M
عبداللذي,M
الزهيري,M
ملكي,M
ريلض,M
كرستيان,M
الضاوي,M
عبدالجلي,M
وقاد,M
رجات,F
عبدالحارث,M
حجو,M
ابوريس,M
ابوربي,M
سمبحه,F
ساطان,M
سربانه,M
شرشال,M
ماديو,M
عبدالساتر,M
بريئه,F
دوله,F
ابوحطب,M
ابوسديره,M
بكاري,M
فندي,M
مرزه,M
الياسين,M
مزبون,M
فهلوي,M
انطوان,M
ابوراجح,M
صاموئيل,M
فريدي,M
لقي,M
مور,M
,M
باكت,M
منتصف,M
زراعي,M
بيدق,M
ابومرسي,M
ابواليمن,M
غبدالكريم,M
كرمين,F
رجاه,F
كردي,M
بهجي,M
فيلوبانير,M
تونه,M
وارد,M
ابوالدرداء,M
نصفي,M
احمدسالم,M
شحرور,M
عبالحكيم,M
عبداللهي,M
مذيون,M
عبدالعالم,M
ملاحظ,M
عزقول,M
بحيح,M
مجلع,M
مممدوح,M
فجري,M
عبدالوهيب,M
مصطف,M
سجيع,M
ثنيه,F
عساوي,M
رويدي,M
مغامس,M
فراوله,F
عاصف,M
بمباوي,M
لوثر,M
عبدالجكيم,M
سكت,M
مسلن,M
عبلدالنظير,M
عمرالفاروق,M
راهب,M
ادفاوي,M
ميدو,M
خضرراوي,M
بحيره,M
حبر,M
ارمس,M
قمح,M
عبدالوحد,M
صنع,M
نديه,F
السدات,M
مزهجر,M
دريدي,M
محمدالكحلاوي,M
عبدالمناف,M
نص,M
شيبا,M
لفظي,M
مديح,M
محمدصبري,M
ملوك,F
محطاوي,M
داعي,M
السايح,M
ابوالهيجات,M
عسقول,M
عبدالمهين,M
فاكر,M
عممرو,M
مطحطح,M
ابونوير,M
صيفاني,M
اسناد,F
خراشي,M
الظريف,M
عبدالمقتدر,M
صاري,M
فكره,F
فرعون,M
عبدالبار,M
محمدصفي,M
رواع,M
غضان,M
سفير,M
تاوفيلس,M
ابونصير,M
مزاد,M
سويحه,M
لاوي,M
زهان,M
يوافيم,M
حلفايه,M
حلوي,M
سريان,M
مارنيه,F
زعتر,M
محقوظ,M
عبدالموجو,M
صفر,M
نوير,F
زنا,M
عبدالديم,M
محمدالنادي,M
افريم,M
سميري,M
صيره,M
سباويه,M
سهلي,M
تكال,M
سداروس,M
محمدابوالفتوح,M
محمدزكي,M
جعوير,M
عسيري,M
عقاد,M
الحافظ,M
زلوم,M
جدام,M
صبرين,F
لميا,F
محمدرجاء,M
خليفي,M
صابات,F
حنونه,F
طحطاوي,M
السجري,M
ابوالهلايل,M
مدنيه,F
سف,M
بح,M
السيدحمدي,M
ذاخر,M
سداروي,M
سدرا,M
الهنا,M
عبدالخفيظ,M
عبداليديع,M
نتعيه,F
نشاه,M
اللطيف,M
"الكريم

",M
التواب,M
ضايع,M
الظاهر,M
"يحيي

",M
مصطفي حمدي عبدالناصر محمود,M
الحفيظ,M
المقصود,M
"الجليل

",M
"لبيب

",M
محمودمحسن,M
محمدعبدالباقي,M
ابوبكرايهاب,M
عبدالجابراحمد,M
احمدجمال,M
تعيلب,M
رضاء,M
العدوي,M
لؤا,F
زنوني,M
الجبلي,M
التلب,M
ابوفاخره,M
فهدي,M
مكايد,M
صديقه,F
متحد,M
عند,F
المنبي,M
شقلوب,M
عربيد,M
مناصير,M
العابد,M
العبدحفني,M
تعلب,M
مشري,M
غيته,M
نايض,M
بطل,M
الجلفي,M
ابوشليته,M
بسيطه,F
بندور,M
كيشار,M
توفيقه,F
سوعيد,M
ممبي,M
العمران,M
الخياط,M
منقطني,M
بشبر,M
محمدمحي,M
الشريعي,M
كربم,M
الزيرسالم,M
السواح,M
روضي,F
الذكري,M
تادي,M
افكرين,M
مسري,M
القاضي,M
يهام,M
قبيص,M
رجوي,F
سبله,M
بسيس,M
سمياء,F
السيدالبدوي,M
النابغه,M
التايب,M
محمدنجاتي,M
مرتاح,M
ابوهوله,M
حتيته,M
انيسمون,F
راوه,F
ابوشوك,M
لوره,F
عبداجواد.,M
سونا,F
ساعي,M
محمدحسانين,M
حاملين,F
عبدلنبي,M
الضبعي,M
منبر,M
جبيل,M
اشليل,M
النعمان,M
ابوعونه,M
انفراج,F
العبدجوده,M
طاهره,F
اجبالي,M
شليل,M
قرج,M
تلا,M
عوامي,M
ابوالهنا,M
عبودي,M
جلول,M
الطحاوي,M
متيبت,M
النايص,M
معبدضيف,M
عبدالفني,M
النص,M
بسطاروس,M
جسيكا,F
روضا,F
سمون,F
شفيف,M
الترهوني,M
هنتش,M
منطاع,M
عشني,M
جاير,M
رمضام,M
مغنيني,M
شرابي,M
قرواني,M
طوغان,M
مسموع,M
توبه,F
شهندا,F
سمرات,M
نورمه,F
حامدعبدالحميد,M
عبداالرحمن,M
ابوشليه,M
ارضا,M
صوفه,M
دلع,F
الشريم,M
البر,M
بديوي,M
الحسانين,M
مفرج,M
مرغلي,M
الغيث,M
يزل,M
الشحات,M
سغد,M
محمدالهادي,M
شمرول,M
شمردل,M
مسعده,F
العطفي,M
الشارف,M
شردوح,M
العشني,M
دعدوش,M
تماوي,M
ذغبي,M
مشاعر,F
مضشاضي,M
داؤد,M
رواق,M
القلا,M
مقيدم,M
البقوشي,M
بسراوي,M
الساكر,M
رويضه,F
الصابر,M
شمياء,F
الدبولي,M
سهري,M
بيبرس,M
بيبي,M
معبدعبدالوهاب,M
نمير,M
حنبولي,M
ابوجليل,M
فضيله,F
ملزم,F
ابوعجيزه,M
جبراني,M
ابوبكرعمران,M
حويل,M
هديله,M
جب,M
عببدالجواد,M
ابوالبهجي,M
عرب,M
فاوي,M
مايفين,M
راوف,M
اولجا,F
خالي,M
جلوري,F
جوفانا,F
جويسي,F
روشان,F
رونه,F
سامراء,F
سليفيا,F
شارود,M
مارتي,F
ناسولان,M
مرتكي,M
فاايز,M
ناتلي,F
دان,F
بابوني,M
روزلين,F
الششتاوي,M
لؤنيس,F
بانوي,M
نسائم,F
جياب,M
عبدعبدالغني,M
كورلس,M
اساعيل,M
رودلف,M
السيدمحمدمكين,M
صفتي,M
بور,M
الماظ,M
ابوصباح,M
المنصور,M
المؤمن,M
بازيد,M
جاسمن,F
رومانس,M
ستيفاني,F
رفاء,F
ساجده,F
حته,M
العين,M
دهشور,M
محمودعبدالعال,M
ابوالعزائم,M
احمدحسن,M
علمر,M
صباحي,M
دبلع,M
الشفعي,M
الزيادي,M
محمدحسين,M
بيره,M
عيدالفتاح,M
بسطاويسي,M
الجهمي,M
احيد,M
القاياتي,M
ابراء,F
انتسال,F
حفظه,F
حسبالله,M
عدل,F
شكراني,M
غصوب,M
ااحمد,M
هيبت,F
كرمات,M
معبدالجهمي,M
التهامي,M
وفي,M
شعبا,M
ن,M
محمدانور,M
صاير,M
قوضي,M
جابالله,M
حملي,M
التابعي,M
مجسر,M
كسروي,M
عصوه,M
المقداد,M
جلوي,M
طالح,M
عبدالعظبم,M
مقدم,M
شلوف,M
منجود,M
شعلا,M
عزي,M
الظايط,M
شتا,M
عبدالرحمان,M
صفاءالدين,M
غرزالدين,M
خطوه,M
رفل,F
منصوره,F
هور,M
الدماطي,M
غفاري,M
السيدعثمان,M
القوضي,M
حندله,M
ابواليازيد,M
الزنوني,M
ابوالكرمات,M
شاميه,F
شمه,F
القرشي,M
ابرراهيم,M
وجينات,F
ياسمبن,F
التعلب,M
انورنعاس,M
جوكندا,F
غفران,F
فكيهه,F
محمدعرابي,M
عنطر,M
الشلقام,M
عطيفه,M
سويرس,M
ابوحمده,M
جيانا,F
الباقي,M
ابوحميده,M
فضالي,M
تفاوي,M
هديوي,M
حيات,F
كثروي,M
ابوغنبمه,M
الوفدي,M
اشواق,F
هنطش,M
الساري,M
زكرا,F
فاخره,M
نشوان,F
بهيدل,M
بطران,M
نورالله,F
زيتون,M
تادورس,M
مبده,M
زاتون,M
الفتح,M
نوفير,M
طلحه,M
القوي,M
عبدالمعنم,M
نحاتي,M
صبور,M
خلافا,M
انيسيمون,F
بشتلي,M
عبدمجدي,M
العبدكامل,M
ارشاق,M
مارسلينو,M
المتولي,M
ري,M
زاغب,M
ابودكر,M
عببيد,M
اثار,F
شميي,M
تسيمون,F
ميصائيل,M
فورنيا,F
فيرويت,F
فلويز,M
لبن,M
نسيمون,F
ايسم,M
خليصي,M
لياس,M
خرستوس,M
فليفل,M
موندي,M
شويل,M
رينال,M
الس,F
بلسان,F
ملعب,M
صفطي,M
عيدي,M
نورما,F
ابوالجواد,M
نوبار,M
راجوه,F
منادي,M
مشهندا,F
جدمي,M
رزقين,F
سنده,F
عبدالمهدي,M
كارمن,F
توسم,M
محدالصغير,M
محمدعنتر,M
محمدفهمي,M
بسينه,F
علباء,F
الدريمي,M
جهام,M
المسلماني,M
محمدعبدالجواد,M
الجمل,M
محمدكامل,M
احمدجمعه,M
محمدعفت,M
احمدعصام,M
عبدالررحمن,M
ابارهيم,M
نزير,M
ميتخطري,M
السيدذ,M
عبداالوهاب,M
مرهون,M
زامل,M
الهاني,M
حتشبسوت,F
البشتي,M
زيزان,F
لحام,M
قرشلي,M
بشتي,M
ابوريشه,M
الدري,M
الزنفلي,M
عدالوهاب,M
البهنساوي,M
ابوالمي,M
عبدالرازاق,M
الحلبي,M
ابوطعيمه,M
شلش,M
محموداحمد,M
الكويس,M
ابلاريه,F
راسيلداس,M
هنصر,M
روميل,M
اغماري,M
شملول,M
قاسي,M
لنقط,M
صلحي,M
استشهاد,F
عبدالشواف,M
لولا,F
احمدالشافعي,M
عبدالمول,M
وفقيه,F
كرامات,M
ابوزوبع,M
جاكير,M
متخطري,M
ميده,M
سبيق,M
ظروق,M
المرغلي,M
الهوي,M
الربع,M
هديهد,M
ابوعقوله,M
بقوشي,M
الجلوي,M
رمايسه,F
ابوشوق,M
كراميد,M
ء,M
تفاحه,F
الروبي,M
الساوي,M
الانقط,M
خص,F
سهليه,F
الدخلي,M
بني,M
فانيوس,M
الجلي,M
سلموس,M
امالي,M
رفوت,M
وذير,M
ابوطوق,M
ابوالنجف,M
فرانس,M
طرزان,M
السويفي,M
ابوريه,M
ثمان,M
ابوعزيز,M
ضويحي,M
طبيب,M
بسال,M
سيديوسف,M
سناره,M
مكه,F
نوبي,M
محمدبلاش,M
ابوالعلاه,M
بيرلي,F
تداوس,M
هجره,F
الصفتي,M
تدري,M
غنيمي,M
شيخون,M
الدرديري,M
تيام,M
ادولف,M
دبنا,F
دولفرتا,F
ابوالعيدعلي,M
عجيبه,M
مرجريت,F
ابوخضره,M
تلت,M
سيلمان,M
اورمان,M
اندارواس,M
بسله,M
يوئيل,M
السبد,M
بيتي,F
جانا,F
مونيا,F
ابوالغيث,M
عرام,M
اليون,M
انجلكا,F
باترسيا,F
بفلي,M
ررضا,M
هلاله,F
احمود,M
معمار,M
اروشيد,M
الشوربجي,M
رسلت,M
قصد,M
ابوالعبدعلي,M
العبدابوزيد,M
كليفر,M
عئمان,M
ضمر,M
عبدالرحن,M
ثالوث,M
شزي,F
سواعي,M
تسم,M
طيشه,M
اسوداني,M
الماس,M
.حسني,M
جيزاوي,M
عابدالله,M
عبدالواهاب,M
ابوستيت,M
معتزبالله,M
العودين,M
هرمس,M
حُسن,F
حويتي,M
علايلي,M
سوهيله,F
دهروطي,M
الحادي,M
الاخضر,M
معبدعبدالفتاح,M
الكسروي,M
احمدعلي,M
الديوش,M
نصري,M
ذهوه,F
غوديه,F
جورجويس,M
ترك,M
الجدامي,M
عونه,M
قصيي,M
محم,M
تقه,F
خزاعي,M
هاميس,F
حمال,M
فزع,M
شربجي,M
الغرباوي,M
واليد,M
عبدالاعاطي,M
نسناوي,M
سجود,F
نزهه,F
امر,M
الصغيرموسي,M
الاشهب,M
طاليع,M
الشناوي,M
عبدالتعيم,M
لوهاب,M
نويشي,M
معجب,M
العسيوي,M
جملات,F
محمدالهبيل,M
نفوسه,F
راشح,M
ارويده,F
واصفه,F
دسوفي,M
ابونهار,M
نافذ,M
ابوعامر,M
مناوي,M
جهان,F
طيران,M
شبلي,M
ضاويه,F
مرتم,M
بلهاس,M
محمد-,M
محروسه,F
شرنوبي,M
ميّ,F
برامل,M
مدنيي,M
عبالوهاب,M
نوها,F
مهندي,M
ابوالليف,M
عبد\اللطيف,M
ليشيع,M
اللسيد,M
فرنس,M
شعيشع,M
هايل,M
كرماوي,M
الدلايل,M
مصطقي,M
بديري,M
ابوالدلايل,M
بالكريم,M
باهيه,F
ابورواش,M
قدوار,M
ذهور,F
ميهرائيل,F
لمين,M
مجدوب,M
سني,M
محمدثابت,M
لاجوده,M
ارزيق,M
الفتاح,M
رواش,M
جليدي,M
جليد,M
عيداحمد,M
مجدا,F
ابوحوش,M
هاشيما,M
مسميه,F
حثيثه,M
ابوهشيما,M
كذه,M
باز,M
خلفالله,M
مًعتز,M
بيداء,F
جوليت,F
تدروس,M
لاره,F
مارجيريت,F
نريمن,F
نهاوند,F
حزيفه,M
رخيص,M
ميلانيه,F
ابوجريده,M
سلم,M
فرنسبس,M
ماريوس,M
يسطس,M
الدامي,M
ميسومه,F
الداتي,M
تيسر,F
ولا,F
قارون,M
سعودات,F
الغريب,M
شرشراوي,M
محرنجي,M
جولييت,F
رها,F
كعبه,F
مرين,F
منتياس,M
شوريف,M
هندري,M
الا,F
ثروه,F
شلبيني,M
ذينب,F
تيجاني,M
ابوحامد,M
عبالعال,M
نيرمان,F
احمدالحداد,M
ديردير,M
عروج,M
عبدالرووف,M
شتات,M
بخات,M
يكن,M
محمدالدرس,M
حبلي,M
حمصاني,M
محمدكولا,M
حبللي,M
طاب,M
حلاوه,F
الشاطر,M
نلجح,M
اليمني,M
عونيه,M
عبدالمتعم,M
جلود,M
ارماني,M
ايلاري,F
سوهيلا,F
عبدالصابرين,M
تعويضه,F
صبحيه,F
تفال,M
نمري,M
حادي,M
باتريسكا,F
جوسيان,F
ماجدا,F
مرنه,F
احمدعادل,M
الغنايم,M
ابوجرابيع,M
اندريا,M
ابوجربيع,M
رومااني,M
تيماثوس,M
اولفت,F
لويفي,M
دحاب,F
دخل,M
بلعاط,M
رويعي,M
عذت,M
عبدموسي,M
كترينا,F
طويس,M
حراجي,M
ابومرز,M
خليدي,M
حارثه,M
سلاقوس,M
بدالعظيم,M
زهرانه,F
عاهد,M
قويس,M
نظم,M
الشعراوي,M
الديسطي,M
خورشد,M
دريمي,M
نفاذه,F
ابتسام,F
ابتهاج,F
ابتهال,F
اجتهاد,F
ازدهار,F
اعتدال,F
اعتماد,F
افتخار,F
افتكار,F
البتول,F
البندري,F
الجازي,F
الجوري,F
الجوهره,F
الريم,F
العنود,F
الهنوف,F
امتثال,F
امتياز,F
انبهاج,F
انتصار,F
انتظار,F
انسجام,F
انشراح,F
انشراف,F
الاء,F
امال,F
امنه,F
ايات,F
ايه,F
ابرار,F
اثير,F
اثيل,F
احلام,F
ارجوان,F
اروي,F
اريام,F
اريج,F
ازهار,F
اسارير,F
اسرار,F
اسماء,F
اسمي,F
اسيل,F
اشجان,F
اطياف,F
اغاريد,F
افراح,F
افكار,F
افنان,F
الطاف,F
الفت,F
امكلثوم,F
اماره,F
امامه,F
اماني,F
امجاد,F
امل,F
امنيه,F
امواج,F
اميره,F
اميره,F
اميمه,F
امينه,F
انسام,F
انغام,F
انهار,F
انوار,F
انيسه,F
اوصاف,F
اباء,F
اجلال,F
اخلاص,F
ادراك,F
اسراء,F
اسعاد,F
اصلاح,F
اعزاز,F
اقبال,F
اقدام,F
اكليل,F
انصاف,F
انعام,F
ايثار,F
ايمان,F
ايناس,F
بائقه,F
بادره,F
بارزه,F
بارعه,F
باركه,F
باريه,F
بازعه,F
باسطه,F
باسقه,F
باسله,F
بانه,F
بتول,F
بثينه,F
بدريه,F
بديعه,F
بسمه,F
بسيمه,F
بشاير,F
بشري,F
بشيره,F
بلقيس,F
بليغه,F
بهيجه,F
بهيسه,F
بيان,F
تارا,F
تالا,F
تانيا,F
تغاني,F
تماره,F
تماضر,F
تماني,F
تهاني,F
تودد,F
توليب,F
تولين,F
تيماء,F
ثراء,F
ثناء,F
ثوبه,F
ثويبه,F
جبره,F
جبله,F
جمانه,F
جميله,F
جنا,F
جني,F
جوان,F
جواهر,F
جود,F
جوري,F
جوهره,F
جوي,F
جويريه,F
جيداء,F
جيهان,F
حسناء,F
حسنيه,F
حصه,F
حفصه,F
حكمت,F
حليمه,F
حنان,F
حنيفه,F
حور,F
حوراء,F
حوريه,F
حياه,F
خاتمه,F
خالده,F
خديجه,F
خزامي,F
خزنه,F
خزينه,F
خلود,F
خوله,F
دارين,F
داليا,F
دانا,F
دانه,F
دانيا,F
دانيه,F
دعجاء,F
دلال,F
دنيا,F
ديم,F
ديما,F
ديمه,F
دينا,F
ذبيانه,F
ذكيه,F
رابعه,F
راتبه,F
راجحه,F
راحيل,F
راسخه,F
راغبه,F
رافقه,F
رافيه,F
راقيه,F
راما,F
رامه,F
رانيا,F
ربي,F
رجيحه,F
رحاب,F
رحمه,F
رحيق,F
رخاء,F
ردينه,F
رزان,F
رزينه,F
رسميه,F
رسيل,F
رسيمه,F
رشا,F
رشيقه,F
رصينه,F
رضوه,F
رضوي,F
رغد,F
رفعه,F
رفيده,F
رفيعه,F
رفيف,F
رقيه,F
رمزيه,F
رنا,F
رند,F
رنيم,F
رهام,F
رهف,F
رهيفه,F
رواء,F
روابي,F
روان,F
روز,F
روضه,F
رولا,F
رؤي,F
ريا,F
ريتا,F
ريتاج,F
ريتال,F
ريحانه,F
ريفان,F
ريم,F
ريما,F
ريماس,F
ريمه,F
ريناد,F
ريهام,F
ريوف,F
زاهيه,F
زبيده,F
زكيه,F
زهراء,F
زهره,F
زهور,F
زهيه,F
زينب,F
زينه,F
سؤدد,F
سارا,F
ساره,F
سالي,F
ساميه,F
ساندرا,F
ساهده,F
ساهره,F
سبيعه,F
سجي,F
سحر,F
سدر,F
سدن,F
سديم,F
سدين,F
سعاد,F
سعده,F
سعيده,F
سفيانه,F
سكينه,F
سلطانه,F
سلمي,F
سلوي,F
سمه,F
سمر,F
سمراء,F
سميه,F
سميحه,F
سميره,F
سناء,F
سندس,F
سها,F
سهاد,F
سهام,F
سهيله,F
سونيا,F
سيرين,F
سيلين,F
شادن,F
شاكره,F
شاهده,F
شاهره,F
شجن,F
شجون,F
شذي,F
شروق,F
شريفه,F
شكريه,F
شموخ,F
شهد,F
شهلاء,F
شوق,F
شيلاء,F
شيماء,F
شيهانه,F
صائنه,F
صابره,F
صبا,F
صفا,F
صفاء,F
صفيه,F
صمود,F
طامحه,F
طريفه,F
طيب,F
طيف,F
ظافره,F
ظبيه,F
عايده,F
عائده,F
عائذه,F
عائشه,F
عابده,F
عاتكه,F
عاطفه,F
عاليه,F
عبله,F
عبير,F
عذاري,F
عذبه,F
عزه,F
عزيزه,F
عفاف,F
علياء,F
عنود,F
عهد,F
عهود,F
عيده,F
غاده,F
غرام,F
غريبه,F
غزل,F
غزيل,F
غصون,F
غلا,F
غناء,F
غيثه,F
غيد,F
غيداء,F
فائقه,F
فاتن,F
فاديه,F
فاطمه,F
فتحيه,F
فتون,F
فتيحه,F
فجر,F
فخريه,F
فدوي,F
فرح,F
فردوس,F
فريده,F
فصيحه,F
فكريه,F
فلوه,F
فنن,F
فهده,F
فهيمه,F
فوزيه,F
فيروز,F
قمر,F
قنوت,F
كاتيا,F
كادي,F
كاظمه,F
كامله,F
كبري,F
كريمه,F
كفي,F
كنده,F
كنزي,F
كوثر,F
كيان,F
لوزت,F
لولوه,F
لؤلؤه,F
لارا,F
لانا,F
لبانه,F
لبني,F
لجين,F
لجينه,F
لذه,F
لطفيه,F
لطيفه,F
لمي,F
لمياء,F
لميس,F
لهيفه,F
ليال,F
ليالي,F
ليان,F
ليلي,F
لين,F
لينا,F
ماريا,F
ماريه,F
ماهه,F
ماهره,F
مبروكه,F
متام,F
مثابه,F
مجاهده,F
مجيبه,F
مجيده,F
مخلصه,F
مدركه,F
مديده,F
مرام,F
مرح,F
مرهفه,F
مروه,F
مروي,F
مريم,F
مزنه,F
مزينه,F
مساعده,F
مسفره,F
مسك,F
مشاعل,F
مصلحه,F
مضاوي,F
مطاعه,F
مطيعه,F
معصومه,F
معطيه,F
معينه,F
مغيثه,F
مقبله,F
ملهمه,F
ممدوحه,F
منار,F
مناصف,F
منال,F
مناير,F
منتهي,F
منذره,F
منصفه,F
مني,F
منيبه,F
منيره,F
مها,F
مهره,F
مهيبه,F
موزه,F
موهبه,F
مي,F
مي,F
ميا,F
مياده,F
ميار,F
ميثاء,F
ميرا,F
ميس,F
ميساء,F
ميسون,F
ميمونه,F
ناجحه,F
ناجده,F
ناديه,F
نادين,F
ناشئه,F
ناصحه,F
ناهد,F
ناهيه,F
نبيله,F
نبيهه,F
نجد,F
نجلاء,F
نجوانه,F
نجود,F
نجيبه,F
نجيحه,F
نداء,F
ندي,F
نرجس,F
نزيهه,F
نسرين,F
نشوه,F
نشوي,F
نظيره,F
نعمه,F
نهاد,F
نهال,F
نهله,F
نهي,F
نوال,F
نور,F
نورا,F
نوره,F
نورهان,F
نوف,F
هائله,F
هاجر,F
هاله,F
هانئه,F
هبه,F
هدي,F
هدير,F
هديل,F
هناء,F
هنادي,F
هند,F
هنوف,F
هوازن,F
هيام,F
هيفاء,F
وتين,F
وجدان,F
ود,F
وديعه,F
ورده,F
وسن,F
وسيمه,F
وضحي,F
وعد,F
وفاء,F
وفيقه,F
ولاء,F
ولهانه,F
وليفه,F
وميض,F
يارا,F
ياسمين,F
يسرا,F
يسري,F
يمن,F
يمني,F
ابراهيم,M
اسلم,M
البراء,M
الحبيب,M
الخضر,M
العابدين,M
المثني,M
ادم,M
ابان,M
ابلج,M
ابوبكر,M
اجاويد,M
اجيد,M
احمد,M
احنف,M
اخزم,M
اخضر,M
اخطب,M
ادعج,M
ادغم,M
ادهم,M
اديب,M
ارغد,M
ارقم,M
اريب,M
ازهر,M
ازور,M
اسامه,M
اسد,M
اسعد,M
اسمر,M
اشجع,M
اشرف,M
اشرم,M
اشقر,M
اشهب,M
اشهم,M
اشيم,M
اصيل,M
اعسر,M
اغلب,M
اغيد,M
اكبر,M
اكثم,M
اكرم,M
اكرم,M
اكمل,M
امان,M
امجد,M
اميه,M
امير,M
امين,M
انس,M
انعم,M
انمار,M
انور,M
اهيم,M
اوس,M
اويس,M
ايسر,M
ايمن,M
ايهم,M
ايوب,M
ادريس,M
اسحاق,M
اسلام,M
اسماعيل,M
امام,M
اياد,M
اياس,M
ايهاب,M
باتل,M
بادي,M
بارح,M
بارع,M
باسط,M
باسق,M
باسل,M
باسم,M
باشق,M
باهر,M
بدر,M
بديع,M
برد,M
برهان,M
بسام,M
بسيم,M
بشار,M
بشاره,M
بشر,M
بشير,M
بطاح,M
بطرس,M
بكار,M
بكر,M
بكري,M
بلال,M
بليغ,M
بندر,M
بهاء,M
بهجت,M
بهلول,M
بهيج,M
تائب,M
تامر,M
تامر,M
تركي,M
تغلب,M
تقي,M
تليد,M
تمام,M
تميم,M
تواب,M
توفيق,M
تيم,M
ثائب,M
ثائر,M
ثابت,M
ثروت,M
ثنيان,M
ثواب,M
جابر,M
جازم,M
جاسم,M
جامع,M
جبر,M
جبران,M
جبل,M
جدعان,M
جراح,M
جرير,M
جساس,M
جعفر,M
جلال,M
جليل,M
جمال,M
جمعان,M
جمعه,M
جميل,M
جناده,M
جندل,M
جهاد,M
جواد,M
جوده,M
جودت,M
حاتم,M
حارب,M
حارث,M
حازم,M
حاشد,M
حافظ,M
حامد,M
حجاب,M
حجاج,M
حجر,M
حزام,M
حزم,M
حسام,M
حسان,M
حسن,M
حسني,M
حسنين,M
حسون,M
حسين,M
حصيف,M
حفص,M
حكيم,M
حماد,M
حمد,M
حمدان,M
حمدون,M
حمزه,M
حميد,M
حنبل,M
حنشل,M
حنظله,M
حواس,M
حيدر,M
خاتم,M
خازن,M
خالد,M
خالص,M
خباب,M
خزعل,M
خضر,M
خطاب,M
خلدون,M
خلف,M
خليفه,M
خليل,M
خليوي,M
خميس,M
خويلد,M
داني,M
داود,M
داوود,M
دحام,M
درغام,M
دريد,M
دعيج,M
دغيم,M
دهيم,M
ذاكر,M
ذباح,M
ذبيان,M
ذعار,M
ذياب,M
رافت,M
رؤوف,M
رئيف,M
رائد,M
رائض,M
رائف,M
رابح,M
راتب,M
راجح,M
راجي,M
راسخ,M
راسم,M
راشد,M
راضي,M
راغب,M
راغد,M
رافد,M
رافع,M
رافق,M
رافي,M
راكان,M
رامز,M
رامي,M
رباح,M
ربحي,M
ربيح,M
ربيع,M
رجب,M
رحال,M
رديف,M
رزق,M
رزين,M
رسمي,M
رسول,M
رسيم,M
رشاد,M
رشوان,M
رشيد,M
رشيق,M
رصين,M
رضوان,M
رضي,M
رعد,M
رغال,M
رغيب,M
رغيد,M
رفاعه,M
رفاعي,M
رفعت,M
رفيع,M
رفيق,M
ركان,M
ركين,M
رماح,M
رمزي,M
رمضان,M
رهيف,M
رويشد,M
رياض,M
ريان,M
زاخر,M
زاكي,M
زاهد,M
زاهر,M
زاهي,M
زايد,M
زبير,M
زغلول,M
زكريا,M
زهير,M
زياد,M
زيد,M
زيدان,M
زيدون,M
زين,M
ساجد,M
ساجر,M
ساجع,M
ساجي,M
سادن,M
سارح,M
ساري,M
ساطع,M
ساعد,M
ساعف,M
سالم,M
سامح,M
سامر,M
سامي,M
ساهد,M
ساهر,M
سبع,M
ستار,M
سحيم,M
سداد,M
سراج,M
سرمد,M
سرور,M
سطام,M
سعد,M
سعدون,M
سعود,M
سعيد,M
سفيان,M
سلام,M
سلطان,M
سلمان,M
سلمه,M
سليم,M
سمعان,M
سمعون,M
سميح,M
سمير,M
سميع,M
سنان,M
سهل,M
سهيل,M
سويد,M
سيار,M
سيد,M
سيف,M
شادي,M
شافع,M
شافي,M
شاكر,M
شامخ,M
شاهد,M
شاهر,M
شبل,M
شبيب,M
شجاع,M
شداد,M
شديد,M
شريح,M
شعبان,M
شعيب,M
شفيع,M
شفيق,M
شكري,M
شكور,M
شماخ,M
شمر,M
شمسالدين,M
شهاب,M
شهم,M
شهيد,M
شوقي,M
شوكت,M
شيبان,M
شيبه,M
صائن,M
صابر,M
صادح,M
صادر,M
صارم,M
صاعد,M
صافي,M
صباح,M
صبيح,M
صدام,M
صديق,M
صفوان,M
صفوت,M
صقر,M
صلاح,M
صلاحالدين,M
صمد,M
صمصام,M
صميم,M
صهيب,M
صهيب,M
ضاري,M
ضاهر,M
ضاوي,M
ضرار,M
ضرام,M
ضيغم,M
ضيف,M
طارق,M
طامح,M
طاهر,M
طريف,M
طلال,M
طموح,M
ظافر,M
ظاهر,M
ظفار,M
ظفير,M
عايض,M
عائد,M
عائذ,M
عائض,M
عابد,M
عادل,M
عارف,M
عازم,M
عاطف,M
عاكف,M
عامر,M
عباد,M
عباس,M
عبدالباسط,M
عبدالباقي,M
عبدالبصير,M
عبدالجبار,M
عبدالجليل,M
عبدالجميل,M
عبدالحفيظ,M
عبدالحق,M
عبدالحكيم,M
عبدالحليم,M
عبدالحميد,M
عبدالحي,M
عبدالخالق,M
عبدالرؤوف,M
عبدالرب,M
عبدالرحمن,M
عبدالرحيم,M
عبدالرزاق,M
عبدالرشيد,M
عبدالرقيب,M
عبدالسلام,M
عبدالشكور,M
عبدالصمد,M
عبدالظاهر,M
عبدالعزيز,M
عبدالعظيم,M
عبدالعليم,M
عبدالغفور,M
عبدالغني,M
عبدالفتاح,M
عبدالقادر,M
عبدالقدوس,M
عبدالقيوم,M
عبدالكريم,M
عبداللطيف,M
عبدالله,M
عبدالمجيد,M
عبدالمطلب,M
عبدالملك,M
عبدالمنان,M
عبدالمنعم,M
عبدالنور,M
عبدالهادي,M
عبدالواحد,M
عبدالودود,M
عبدالوهاب,M
عبدربه,M
عبده,M
عبدو,M
عبدي,M
عبوده,M
عبيد,M
عبيده,M
عتاب,M
عتابه,M
عثمان,M
عجاج,M
عجرم,M
عدلي,M
عدنان,M
عدوان,M
عدي,M
عديل,M
عراب,M
عراد,M
عرفات,M
عرفه,M
عروه,M
عريب,M
عز,M
عزب,M
عزت,M
عزيز,M
عشير,M
عصام,M
عصمت,M
عطا,M
عطاء,M
عفان,M
عفيف,M
عقاب,M
عقال,M
عقبه,M
عقل,M
عقله,M
عقيل,M
عكاشه,M
عكرمه,M
عكله,M
علاء,M
علاءالدين,M
علوان,M
علي,M
عليان,M
عليم,M
عماد,M
عمار,M
عماره,M
عمر,M
عمران,M
عمرو,M
عميد,M
عمير,M
عنبر,M
عنتر,M
عنتره,M
عواد,M
عوض,M
عوض,M
عوف,M
عون,M
عوني,M
عويس,M
عياش,M
عيد,M
عيسي,M
عيضه,M
غازي,M
غافر,M
غالب,M
غالي,M
غانم,M
غريب,M
غزوان,M
غسان,M
غضنفر,M
غفار,M
غلاب,M
غلام,M
غنيم,M
غوار,M
غوث,M
غياث,M
غيث,M
فؤاد,M
فائز,M
فائق,M
فاتح,M
فاخر,M
فادي,M
فارس,M
فارض,M
فارع,M
فاروق,M
فاضل,M
فالح,M
فتاح,M
فتح,M
فتحي,M
فتوح,M
فتيح,M
فخر,M
فخري,M
فراج,M
فراس,M
فرج,M
فرحات,M
فرحان,M
فرناس,M
فريج,M
فريد,M
فضل,M
فضيل,M
فطين,M
فكري,M
فلوح,M
فليح,M
فهد,M
فهمي,M
فهيد,M
فهيم,M
فواز,M
فوزي,M
فياض,M
فيصل,M
فيض,M
فيضي,M
قائد,M
قابس,M
قابوس,M
قادر,M
قاسم,M
قاهر,M
قتاده,M
قتيبه,M
قثم,M
قداح,M
قدامه,M
قدري,M
قسام,M
قسيم,M
قصي,M
قطامي,M
قطب,M
قعقاع,M
قيس,M
كاسب,M
كاسر,M
كاظم,M
كامل,M
كرم,M
كريم,M
كعب,M
كلاب,M
كليب,M
كليم,M
كمال,M
كميت,M
كنان,M
كنعان,M
كهلان,M
لؤي,M
لباب,M
لبيب,M
لبيد,M
لطفي,M
لطيف,M
لقمان,M
لماح,M
لمعي,M
ليث,M
مامون,M
مؤيد,M
ماجد,M
مارسيل,M
مازن,M
ماضي,M
مالك,M
ماهر,M
مبارك,M
مبخوت,M
مبرور,M
مبروك,M
متعب,M
مثاب,M
مجاهد,M
مجاور,M
مجتبي,M
مجدي,M
مجيب,M
مجيد,M
مجير,M
محبوب,M
محجن,M
محرز,M
محرم,M
محسن,M
محمد,M
محمود,M
محيا,M
مخلد,M
مخلص,M
مخلف,M
مدثر,M
مدحه,M
مدحت,M
مدرك,M
مدلج,M
مديد,M
مراد,M
مرتجي,M
مرتضي,M
مرحب,M
مرداس,M
مرزوق,M
مرسي,M
مرشد,M
مرشدي,M
مروان,M
مزاحم,M
مزن,M
مزهر,M
مساعد,M
مستور,M
مسعود,M
مسفر,M
مسلم,M
مسلمه,M
مسيب,M
مشاري,M
مشتاق,M
مشرف,M
مشعل,M
مصباح,M
مصطفي,M
مصعب,M
مصلح,M
مضر,M
مطاع,M
مطاوع,M
مطر,M
مطلب,M
مطلق,M
مطير,M
مطيع,M
مظفر,M
مظهر,M
معاد,M
معاذ,M
معاويه,M
معتصم,M
معتضد,M
معتوق,M
معد,M
معروف,M
معصوم,M
معطي,M
معلوف,M
معمر,M
معن,M
معين,M
معينالدين,M
مغوار,M
مغيث,M
مغيره,M
مفتاح,M
مقبل,M
مقتدي,M
مقرن,M
مكتوم,M
مكين,M
ملحم,M
ملهم,M
ممدوح,M
مناحي,M
مناع,M
مناف,M
منان,M
منتصر,M
منتظر,M
منذر,M
منصف,M
منصور,M
منعم,M
منقذ,M
منهل,M
منيب,M
منير,M
منيع,M
مهاب,M
مهدي,M
مهند,M
مهيب,M
مهيوب,M
موفق,M
ميثم,M
ميلاد,M
ميمون,M
نائل,M
ناجي,M
نادر,M
ناشئ,M
ناشد,M
ناشر,M
ناصح,M
ناصر,M
ناصرالدين,M
ناصف,M
ناصيف,M
ناظم,M
نافع,M
نامي,M
ناهض,M
ناهل,M
ناهي,M
نايف,M
نبال,M
نبيل,M
نبيه,M
نجاد,M
نجده,M
نجدت,M
نجم,M
نجمالدين,M
نجيب,M
نديم,M
نذير,M
نزار,M
نزيه,M
نسيب,M
نشات,M
نشمي,M
نصار,M
نصره,M
نصرت,M
نصوح,M
نصير,M
نصيف,M
نضير,M
نظمي,M
نظير,M
نعمان,M
نعمت,M
نمر,M
نهيان,M
نواس,M
نواف,M
نوح,M
نوري,M
نوفل,M
هائل,M
هاجد,M
هادي,M
هاشم,M
هاني,M
هانئ,M
هبيره,M
هجرس,M
هريره,M
هزاع,M
هشام,M
هلال,M
همام,M
هواري,M
هود,M
هيثم,M
وائل,M
وارف,M
وديع,M
وسيم,M
وفيق,M
ولاءالدين,M
وليد,M
وليف,M
وهاب,M
وهب,M
ياسر,M
يحيي,M
يزيد,M
يعقوب,M